1001,01001,종로2가사거리,126.987752,37.569808,100000001,중앙차로,2025-03-18 13:49:23.891330
1002,01002,창경궁.서울대학교병원,126.996522,37.579433,100000002,중앙차로,2025-03-18 13:49:23.936407
1003,01003,명륜3가.성대입구,126.998251,37.582581,100000003,중앙차로,2025-03-18 13:49:23.991582
1004,01004,종로2가.삼일교,126.9876130976,37.5685792736,100000004,중앙차로,2025-03-18 13:49:24.032353
1005,01005,혜화동로터리.여운형활동터,127.001744,37.586243,100000005,중앙차로,2025-03-18 13:49:24.091988
1006,01006,서대문역사거리,126.966893,37.566137,101000305,중앙차로,2025-03-18 13:49:24.143618
1007,01007,서울역사박물관.경희궁앞,126.97038,37.569135,100000380,중앙차로,2025-03-18 13:49:24.191915
1008,01008,서울역사박물관.경희궁앞,126.97076,37.569515,100000379,중앙차로,2025-03-18 13:49:24.222697
1009,01009,광화문,126.976357,37.570142,100000384,중앙차로,2025-03-18 13:49:24.292263
1010,01010,광화문,126.9778894864,37.570267935,100000385,중앙차로,2025-03-18 13:49:24.334428
1011,01011,종로1가,126.9810660928,37.5701482455,100000386,중앙차로,2025-03-18 13:49:24.421711
1012,01012,종로1가,126.98163,37.570271,100000387,중앙차로,2025-03-18 13:49:24.479515
1013,01013,종로2가,126.984991,37.57017,100000388,중앙차로,2025-03-18 13:49:24.536842
1014,01014,종로2가,126.986536,37.570238,100000389,중앙차로,2025-03-18 13:49:24.576523
1015,01015,종로3가.탑골공원,126.9892689914,37.5702567706,100000390,중앙차로,2025-03-18 13:49:24.637011
1016,01016,종로3가.탑골공원,126.9899877751,37.5703605443,100000391,중앙차로,2025-03-18 13:49:24.668851
1017,01017,종로4가.종묘,126.9947218896,37.5705069968,100000392,중앙차로,2025-03-18 13:49:24.716866
1018,01018,종로4가.종묘,126.995396,37.570637,100000393,중앙차로,2025-03-18 13:49:24.754714
1019,01019,종로5가.광장시장,126.999061,37.570787,100000394,중앙차로,2025-03-18 13:49:24.796203
1020,01020,종로5가.광장시장,126.999606,37.570931,100000395,중앙차로,2025-03-18 13:49:24.838190
1021,01021,종로6가.동대문종합시장,127.004464,37.57101,100000396,중앙차로,2025-03-18 13:49:24.871515
1022,01022,종로6가.동대문종합시장,127.0057137364,37.5711272339,100000397,중앙차로,2025-03-18 13:49:24.913008
1023,01023,동대문역.흥인지문,127.013813,37.572449,100000398,중앙차로,2025-03-18 13:49:24.955117
1024,01037,동대문(흥인지문),127.012453,37.572102,100000365,중앙차로,2025-03-18 13:49:24.995907
1025,01041,동묘앞,127.018589326,37.5738521758,100000366,중앙차로,2025-03-18 13:49:25.036886
1026,01044,동묘앞,127.0195285734,37.574281529,100000367,중앙차로,2025-03-18 13:49:25.071420
1027,01101,경기상고,126.9693634554,37.5875502159,100000006,일반차로,2025-03-18 13:49:25.111854
1028,01102,신교동,126.9702626865,37.5832955233,100000007,일반차로,2025-03-18 13:49:25.153550
1029,01103,경기상고,126.9697701102,37.5871907861,100000008,일반차로,2025-03-18 13:49:25.193522
1030,01104,경복고교,126.970884,37.58516,100000009,일반차로,2025-03-18 13:49:25.229547
1031,01105,청운중학교,126.972673,37.587809,100000010,일반차로,2025-03-18 13:49:25.271261
1032,01106,자하문고개.윤동주문학관,126.9671261805,37.5921866176,100000011,일반차로,2025-03-18 13:49:25.312620
1033,01107,자하문고개.윤동주문학관,126.9671906625,37.5923353152,100000012,일반차로,2025-03-18 13:49:25.354725
1034,01108,청운중학교,126.972266,37.588421,100000013,일반차로,2025-03-18 13:49:25.396245
1035,01109,경복고교,126.971404,37.585067,100000014,일반차로,2025-03-18 13:49:25.429107
1036,01110,통인시장종로구보건소,126.9710500404,37.5803257033,100000015,일반차로,2025-03-18 13:49:25.477150
1037,01111,통인시장종로구보건소,126.9713851083,37.5805132118,100000016,일반차로,2025-03-18 13:49:25.512356
1038,01112,효자동,126.9706209712,37.583091043,100000017,일반차로,2025-03-18 13:49:25.556591
1039,01113,사직단.어린이도서관,126.9679907155,37.5751355316,100000018,일반차로,2025-03-18 13:49:25.593816
1040,01114,경복궁역1번출구,126.971415,37.576162,100000019,일반차로,2025-03-18 13:49:25.633200
1041,01115,경복궁역,126.972198,37.577038,100000020,일반차로,2025-03-18 13:49:25.665086
1042,01116,경복궁역,126.9722828893,37.5776713863,100000021,일반차로,2025-03-18 13:49:25.712687
1043,01117,경복궁,126.9787471496,37.5755767894,100000022,일반차로,2025-03-18 13:49:25.759979
1044,01118,KT광화문지사,126.9774187393,37.572209741,100000023,일반차로,2025-03-18 13:49:25.808190
1045,01119,국립고궁박물관,126.973979,37.578928,100000415,일반차로,2025-03-18 13:49:25.856214
1046,01120,광화문,126.976408,37.570045,100000025,일반차로,2025-03-18 13:49:25.903908
1047,01123,서울역사박물관.경교장.강북삼성병원,126.971248,37.570023,100000028,일반차로,2025-03-18 13:49:25.951307
1048,01124,광화문.금호아시아나본관앞,126.972839,37.570332,100000029,일반차로,2025-03-18 13:49:25.993962
1049,01125,광화문,126.975837,37.570365,100000030,일반차로,2025-03-18 13:49:26.030153
1050,01126,세종문화회관,126.976997,37.573648,100000031,일반차로,2025-03-18 13:49:26.093994
1051,01127,서울경찰청.경복궁역,126.9714842989,37.5757446636,100000032,일반차로,2025-03-18 13:49:26.126307
1052,01128,사직단,126.968188961,37.5748553458,100000033,일반차로,2025-03-18 13:49:26.174074
1053,01129,광화문.광화문빌딩,126.976545,37.569495,100000034,일반차로,2025-03-18 13:49:26.221959
1054,01130,덕성여중고,126.981972,37.575768,100000035,일반차로,2025-03-18 13:49:26.269245
1055,01131,안국역.서울공예박물관,126.9839957858,37.5760695565,100000036,일반차로,2025-03-18 13:49:26.332578
1056,01132,국민은행세검정지점,126.9608880061,37.6046629766,100000037,일반차로,2025-03-18 13:49:26.364516
1057,01133,세검정초등학교,126.9612198463,37.6025022799,100000038,일반차로,2025-03-18 13:49:26.428547
1058,01134,세검정.상명대,126.958292,37.600477,100000039,일반차로,2025-03-18 13:49:26.476538
1059,01135,상명대입구.석파랑,126.958570225,37.5994133537,100000040,일반차로,2025-03-18 13:49:26.508434
1060,01136,하림각,126.9617068235,37.5981330665,100000041,일반차로,2025-03-18 13:49:26.556044
1061,01137,자하문터널입구.석파정,126.9636434993,37.5955935123,100000042,일반차로,2025-03-18 13:49:26.604037
1062,01138,부암동주민센터.무계원,126.96422,37.592766,100000043,일반차로,2025-03-18 13:49:26.652459
1063,01139,부암동주민센터.무계원,126.9651419211,37.5927861733,100000044,일반차로,2025-03-18 13:49:26.684659
1064,01140,자하문터널입구.석파정,126.9639775924,37.5955575712,100000045,일반차로,2025-03-18 13:49:26.732924
1065,01141,하림각,126.962215308,37.5981476478,100000046,일반차로,2025-03-18 13:49:26.774971
1066,01142,상명대입구.세검정교회,126.9592405649,37.5996163318,100000047,일반차로,2025-03-18 13:49:26.813181
1067,01143,세검정.상명대,126.959155,37.600648,100000048,일반차로,2025-03-18 13:49:26.845107
1068,01144,세검정초등학교,126.9614328894,37.6022680671,100000049,일반차로,2025-03-18 13:49:26.895864
1069,01146,국민은행세검정지점,126.961195,37.604846,100000051,일반차로,2025-03-18 13:49:26.957398
1070,01148,승가사입구,126.9563059978,37.6115844138,100000053,일반차로,2025-03-18 13:49:27.005162
1071,01149,구기동현대빌라,126.9564575503,37.6100355035,100000054,일반차로,2025-03-18 13:49:27.053462
1072,01150,구기터널.삼성출판박물관,126.9562103294,37.6086098941,100000055,일반차로,2025-03-18 13:49:27.101923
1073,01151,구기터널.삼성출판박물관,126.9564166508,37.6083054034,100000056,일반차로,2025-03-18 13:49:27.149940
1074,01152,구기동,126.9585297928,37.6069644475,100000057,일반차로,2025-03-18 13:49:27.182053
1075,01153,구기동,126.9591017479,37.6070088003,100000058,일반차로,2025-03-18 13:49:27.229867
1076,01154,승가사입구,126.956482,37.61148,100000059,일반차로,2025-03-18 13:49:27.272347
1077,01155,갑을씨티텔앞,126.9635350292,37.6043709709,100000060,일반차로,2025-03-18 13:49:27.310318
1078,01156,평창파출소,126.9660432906,37.6053223656,100000061,일반차로,2025-03-18 13:49:27.374341
1079,01157,평창동주민센터,126.9695663093,37.6066073749,100000062,일반차로,2025-03-18 13:49:27.406789
1080,01158,일성아파트,126.972925,37.608873,100000063,일반차로,2025-03-18 13:49:27.454634
1081,01159,롯데아파트,126.976317,37.61039,100000064,일반차로,2025-03-18 13:49:27.502902
1082,01160,롯데아파트,126.976652,37.610248,100000065,일반차로,2025-03-18 13:49:27.551053
1083,01161,벽산평창힐스아파트,126.972797,37.60819,100000066,일반차로,2025-03-18 13:49:27.614665
1084,01162,예능교회,126.97,37.606517,100000067,일반차로,2025-03-18 13:49:27.646591
1085,01163,서울예술고등학교.평창동주민센터,126.9676276108,37.6057787606,100000068,일반차로,2025-03-18 13:49:27.678936
1086,01164,화정박물관,126.9648102665,37.6045038178,100000069,일반차로,2025-03-18 13:49:27.710872
1087,01165,강북삼성병원,126.9686004828,37.568145927,100000376,일반차로,2025-03-18 13:49:27.743041
1088,01167,독립문역.서대문형무소역사관,126.959322,37.573395,100000072,일반차로,2025-03-18 13:49:27.775368
1089,01168,서대문.서울시교육청,126.9645273358,37.5682538056,100000073,일반차로,2025-03-18 13:49:27.823374
1090,01169,서대문역사거리.적십자병원,126.9675878497,37.5671081521,100000368,일반차로,2025-03-18 13:49:27.855344
1091,01171,독립문,126.96143,37.571342,100000075,일반차로,2025-03-18 13:49:27.887074
1092,01172,창덕궁.서울돈화문국악당,126.9885394479,37.5775405746,100000076,일반차로,2025-03-18 13:49:27.919328
1093,01173,서린동.SK서린빌딩,126.980095,37.569263,100000077,일반차로,2025-03-18 13:49:27.951476
1094,01174,청계1가.광교,126.9849267193,37.568684389,100000078,일반차로,2025-03-18 13:49:27.983540
1095,01175,청계2가.수표교,126.99082,37.568442,100000079,일반차로,2025-03-18 13:49:28.031762
1096,01176,청계4가.세운교,126.996555,37.568927,100000080,일반차로,2025-03-18 13:49:28.063713
1097,01177,청계5가.광장시장,126.9997973605,37.5694512793,100000081,일반차로,2025-03-18 13:49:28.100527
1098,01198,원남동,126.9973383362,37.5745325055,100000102,가로변시간,2025-03-18 13:49:28.127800
1099,01199,창덕궁.우리소리박물관,126.988954,37.577272,100000103,일반차로,2025-03-18 13:49:28.159961
1100,01200,안국역.인사동,126.984133,37.575798,100000104,일반차로,2025-03-18 13:49:28.208346
1101,01201,조계사.종로경찰서,126.9831555803,37.5725223095,100000105,일반차로,2025-03-18 13:49:28.256346
1102,01202,조계사.종로경찰서,126.9828258888,37.5724858087,100000106,일반차로,2025-03-18 13:49:28.288810
1103,01203,안국동,126.9827201116,37.5746105669,100000107,일반차로,2025-03-18 13:49:28.304966
1104,01204,종로5가.효제동.김상옥의거터,127.00223,37.5745,100000108,가로변시간,2025-03-18 13:49:28.336878
1105,01205,종로5가.효제초등학교,127.0021442279,37.5728790133,100000109,가로변시간,2025-03-18 13:49:28.385036
1106,01209,창덕궁.돈화문국악당,126.991233,37.577431,100000414,일반차로,2025-03-18 13:49:28.402303
1107,01212,종로5가,127.0021826522,37.5705596025,100000116,일반차로,2025-03-18 13:49:28.432967
1108,01213,청계6가.동대문시장,127.0028494203,37.5698351103,100000117,일반차로,2025-03-18 13:49:28.464937
1109,01214,동대문,127.0084126252,37.5717262368,100000118,일반차로,2025-03-18 13:49:28.502807
1110,01215,충신동,127.006278812,37.5740223509,100000119,일반차로,2025-03-18 13:49:28.528874
1111,01217,충신동,127.0063433807,37.5744602778,100000121,일반차로,2025-03-18 13:49:28.560667
1112,01218,현대그룹빌딩,127.000807,37.575912,100000122,일반차로,2025-03-18 13:49:28.599307
1113,01219,방송통신대.이화장,127.002437,37.578043,100000123,가로변전일,2025-03-18 13:49:28.624730
1114,01220,혜화역.마로니에공원,127.0022769364,37.5811194873,100000124,가로변전일,2025-03-18 13:49:28.656857
1115,01221,혜화역.서울대병원입구,127.00185,37.580957,100000125,가로변전일,2025-03-18 13:49:28.688834
1116,01222,방송통신대.이화장,127.001977,37.577788,100000126,일반차로,2025-03-18 13:49:28.720993
1117,01223,이화동(이화장),127.0006951494,37.576119355,100000127,일반차로,2025-03-18 13:49:28.752962
1118,01224,창경궁.서울대학교병원,126.9968717143,37.5788279947,100000128,일반차로,2025-03-18 13:49:28.785297
1119,01225,이화동(이화장),127.0032708172,37.5759372914,100000129,일반차로,2025-03-18 13:49:28.816995
1120,01226,혜화동로터리,127.000687,37.58558,100000130,일반차로,2025-03-18 13:49:28.833186
1121,01227,명륜동2가.성균관대입구,126.9993987623,37.5833334862,100000131,일반차로,2025-03-18 13:49:28.903534
1122,01228,혜화역.서울연극센터(장면총리가옥),127.0013281701,37.584022814,100000132,일반차로,2025-03-18 13:49:28.945739
1123,01229,혜화역.동성중고(장면총리가옥),127.0017176887,37.5845697705,100000133,가로변시간,2025-03-18 13:49:28.978013
1124,01231,종로구민회관.창신동두산아파트,127.0155555279,37.5740926792,100000135,일반차로,2025-03-18 13:49:29.010265
1125,01235,동묘역앞,127.0156014431,37.5716849566,100000139,일반차로,2025-03-18 13:49:29.042230
1126,01236,동묘역앞,127.0159450485,37.5719221488,100000140,일반차로,2025-03-18 13:49:29.074330
1127,01237,청계2가교차로,126.9878778705,37.5684809008,101000307,일반차로,2025-03-18 13:49:29.106245
1128,01238,창신3동주민센터,127.015178,37.578413,100000142,일반차로,2025-03-18 13:49:29.138166
1129,01239,숭인1동주민센터.창신역4번출구,127.015462,37.578625,100000143,일반차로,2025-03-18 13:49:29.170205
1130,01240,동묘역.롯데캐슬천지인,127.0158023517,37.5741800523,100000144,일반차로,2025-03-18 13:49:29.204973
1131,01243,신설동로터리,127.022841,37.575695,100000147,일반차로,2025-03-18 13:49:29.234302
1132,01245,동묘앞,127.017524,37.573643,100000364,일반차로,2025-03-18 13:49:29.266480
1133,01246,구기동현대빌라,126.956622,37.609682,100000150,일반차로,2025-03-18 13:49:29.305128
1134,01247,광장시장,126.9977437946,37.569470801,100000151,일반차로,2025-03-18 13:49:29.330918
1135,01249,혜화경찰서,126.9974787875,37.5725807445,100000153,가로변시간,2025-03-18 13:49:29.362825
1136,01250,서울역사박물관.김구집무실(경교장),126.9721318077,37.5699003386,100000154,가로변시간,2025-03-18 13:49:29.405784
1137,01251,청계3가.관수교,126.9937793705,37.5686887917,100000155,일반차로,2025-03-18 13:49:29.426946
1138,01252,청계6가.버들다리,127.0080377075,37.5699303868,100000156,일반차로,2025-03-18 13:49:29.458868
1139,01253,청계7가.맑은내다리,127.013093,37.57004,100000157,일반차로,2025-03-18 13:49:29.490638
1140,01254,청계8가.영도교,127.018128,37.570895,100000158,일반차로,2025-03-18 13:49:29.521801
1141,01256,원남동사거리,126.998113,37.575761,100000159,일반차로,2025-03-18 13:49:29.537811
1142,01262,숭인동,127.0204373408,37.5742721533,100000165,일반차로,2025-03-18 13:49:29.569597
1143,01267,조계사,126.9831609226,37.572800338,100000169,일반차로,2025-03-18 13:49:29.606305
1144,01272,세종문화회관,126.977009,37.573222,100000174,일반차로,2025-03-18 13:49:29.633409
1145,01277,이화동(이화장),127.002955,37.576257,100000179,일반차로,2025-03-18 13:49:29.681319
1146,01278,상명대정문,126.9550207178,37.6016197182,100000180,일반차로,2025-03-18 13:49:29.706666
1147,01279,이북오도청,126.955973,37.612723,100000181,일반차로,2025-03-18 13:49:29.729328
1148,01280,경복궁역(효자로입구),126.974305,37.576715,100000419,일반차로,2025-03-18 13:49:29.761484
1149,01286,상명대입구.세검정교회,126.9597921957,37.5994435122,100000188,일반차로,2025-03-18 13:49:29.793628
1150,01287,상명대입구.석파랑,126.9581941404,37.5995718125,100000189,일반차로,2025-03-18 13:49:29.837619
1151,01288,종로중부새마을금고,127.0065911394,37.5724174899,100000190,일반차로,2025-03-18 13:49:29.874405
1152,01289,신설동로터리.신한은행앞.서울풍물시장,127.023192,37.574258,100000191,일반차로,2025-03-18 13:49:29.907556
1153,01291,청계2가.삼일교,126.986988,37.568344,100000192,일반차로,2025-03-18 13:49:29.938292
1154,01292,청계8가.황학교,127.0227870051,37.5721307298,100000193,일반차로,2025-03-18 13:49:29.970360
1155,01293,평창동삼성아파트,126.978799,37.611179,100000355,일반차로,2025-03-18 13:49:30.008190
1156,01294,안국역.인사동,126.9855365486,37.5763329308,100000370,일반차로,2025-03-18 13:49:30.034556
1157,01295,안국역.서울공예박물관,126.984888,37.576413,100000369,일반차로,2025-03-18 13:49:30.066552
1158,01296,창덕궁,126.9890031166,37.5772280879,100000371,일반차로,2025-03-18 13:49:30.114778
1159,01297,남인사마당,126.9874286375,37.5713191723,100000413,일반차로,2025-03-18 13:49:30.146671
1160,01500,평창파출소,126.9668167021,37.605681218,100900047,마을버스,2025-03-18 13:49:30.178630
1161,01501,삼청공원,126.9816468946,37.5882276807,100900178,마을버스,2025-03-18 13:49:30.210791
1162,01502,수성동계곡,126.964469,37.582082,100900041,마을버스,2025-03-18 13:49:30.242892
1163,01503,명륜3가종점,126.9928636796,37.5909483783,100900040,마을버스,2025-03-18 13:49:30.274844
1164,01504,명륜새마을금고,126.996798,37.587785,100900197,마을버스,2025-03-18 13:49:30.307069
1165,01505,서대문3번출구,126.966397,37.566336,100900044,마을버스,2025-03-18 13:49:30.338784
1166,01506,낙산공원,127.0087215681,37.5804037213,100900039,마을버스,2025-03-18 13:49:30.370683
1167,01507,인사미술공간.세탁소,126.9893670844,37.5814109836,100900037,마을버스,2025-03-18 13:49:30.386507
1168,01508,화정박물관,126.9648837454,37.6048011982,100900036,마을버스,2025-03-18 13:49:30.418302
1169,01509,금융연수원,126.981657,37.586641,100900035,마을버스,2025-03-18 13:49:30.450128
1170,01510,박노수미술관,126.966603478,37.5809967425,100900034,마을버스,2025-03-18 13:49:30.482067
1171,01511,샘미용실,126.9932227051,37.5903095275,100900032,마을버스,2025-03-18 13:49:30.514096
1172,01512,서울국제고등학교,126.9972902593,37.5890715947,100900031,마을버스,2025-03-18 13:49:30.529993
1173,01513,화정박물관,126.9652007897,37.6049806084,100900029,마을버스,2025-03-18 13:49:30.577878
1174,01514,적십자병원후문앞,126.9652272769,37.5675295356,100900188,마을버스,2025-03-18 13:49:30.610413
1175,01515,서울성곽.성대후문,126.9896320737,37.5892576959,100900202,마을버스,2025-03-18 13:49:30.642137
1176,01516,빨래터.고희동미술관,126.989067,37.58299,100900026,마을버스,2025-03-18 13:49:30.658184
1177,01517,세검초등학교,126.9614907597,37.6042522792,100900025,마을버스,2025-03-18 13:49:30.690345
1178,01518,삼청동주민센터,126.9819071619,37.5842638281,100900024,마을버스,2025-03-18 13:49:30.722390
1179,01519,통인시장,126.968753,37.580468,100900020,마을버스,2025-03-18 13:49:30.754092
1180,01520,양현관,126.9936043615,37.5897914226,100900021,마을버스,2025-03-18 13:49:30.786208
1181,01521,국민생활관,126.9988619666,37.5897456349,100900017,마을버스,2025-03-18 13:49:30.817830
1182,01522,오거리,126.9622629001,37.6070621164,100900016,마을버스,2025-03-18 13:49:30.852141
1183,01523,경희궁자이2.3단지,126.9640686009,37.5687871134,100900015,마을버스,2025-03-18 13:49:30.882214
1184,01524,창신쌍용2단지.한성대후문,127.0127581151,37.5812647965,100900013,마을버스,2025-03-18 13:49:30.898427
1185,01525,통일부,126.9859476734,37.5875948053,100900045,마을버스,2025-03-18 13:49:30.930491
1186,01526,원서고개,126.9878088426,37.583080553,100900011,마을버스,2025-03-18 13:49:30.962409
1187,01528,종로5가입구.혜화경찰서,126.997681,37.571797,100900009,마을버스,2025-03-18 13:49:30.994290
1188,01529,삼청파출소,126.9812510491,37.581813662,100900007,마을버스,2025-03-18 13:49:31.026006
1189,01530,오거리.한옥마을입구,126.969561,37.579537,100900005,마을버스,2025-03-18 13:49:31.057995
1190,01531,명륜시장.성대후문,126.9952543092,37.5885110529,100900046,마을버스,2025-03-18 13:49:31.106115
1191,01532,혜화초등학교,126.9998516643,37.5872532276,100900003,마을버스,2025-03-18 13:49:31.138138
1192,01533,청련사입구,126.9624312007,37.6079803769,100900072,마을버스,2025-03-18 13:49:31.170142
1193,01534,영천시장,126.962735,37.570084,100900071,마을버스,2025-03-18 13:49:31.202199
1194,01535,명신초.삼선푸르지오.힐스테이트,127.014556281,37.5821062067,100900070,마을버스,2025-03-18 13:49:31.234286
1195,01536,감사원,126.9852900569,37.5862106518,100900069,마을버스,2025-03-18 13:49:31.266450
1196,01537,중앙중고,126.986965299,37.583092177,100900068,마을버스,2025-03-18 13:49:31.282729
1197,01538,인왕빌딩,126.9577443332,37.6079283311,100900067,마을버스,2025-03-18 13:49:31.314903
1198,01539,종로4가.종묘공원,126.994624,37.570689,100900066,마을버스,2025-03-18 13:49:31.362824
1199,01540,국립민속박물관,126.9795533717,37.5792551846,100900174,마을버스,2025-03-18 13:49:31.394689
1200,01541,광화문새마을금고,126.9711466491,37.5793687689,100900065,마을버스,2025-03-18 13:49:31.442787
1201,01542,새마을금고,126.996518051,37.5877370613,100900064,마을버스,2025-03-18 13:49:31.490559
1202,01543,혜화우체국,127.0006137149,37.5860376565,100900063,마을버스,2025-03-18 13:49:31.522583
1203,01544,언덕앞,126.9637921715,37.6089539753,100900062,마을버스,2025-03-18 13:49:31.570342
1204,01545,경희궁자이4단지,126.961358,37.57136,100900061,마을버스,2025-03-18 13:49:31.634530
1205,01546,종로센트레빌후문.e편한세상보문아파트,127.0161855253,37.5817743934,100900060,마을버스,2025-03-18 13:49:31.682723
1206,01547,사우디대사관앞.경남빌라,126.9850311776,37.5841056738,100900059,마을버스,2025-03-18 13:49:31.730560
1207,01548,안국선원.삼거리,126.984994076,37.5827909789,100900058,마을버스,2025-03-18 13:49:31.762789
1208,01549,구기터널입구,126.9567768927,37.6082046142,100900182,마을버스,2025-03-18 13:49:31.810951
1209,01550,종로3가.1.3.5호선,126.991965,37.57158,100900057,마을버스,2025-03-18 13:49:31.843046
1210,01551,경복궁,126.9793377561,37.576950157,100900056,마을버스,2025-03-18 13:49:31.891508
1211,01553,소나무집,126.964110466,37.6112770717,100900054,마을버스,2025-03-18 13:49:31.939538
1212,01554,독립문역3번출구,126.9597453483,37.5728784775,100900186,마을버스,2025-03-18 13:49:31.971437
1213,01555,청룡사.보문파크뷰자이아파트,127.01700714,37.5800189539,100900053,마을버스,2025-03-18 13:49:32.003266
1214,01556,북촌한옥마을입구.정세권활동터,126.9849422317,37.5815997311,100900052,마을버스,2025-03-18 13:49:32.034866
1215,01557,종로1.2.3.4가동주민센터,126.9911314256,37.5743837122,100900217,마을버스,2025-03-18 13:49:32.066406
1216,01558,창덕궁,126.990385,37.57676,100900051,마을버스,2025-03-18 13:49:32.097887
1217,01561,아름다운실버,126.965463701,37.6120100581,100900050,마을버스,2025-03-18 13:49:32.116307
1218,01562,독립문초등학교,126.9607207234,37.5738474794,100900049,마을버스,2025-03-18 13:49:32.145281
1219,01563,종로센트레빌아파트,127.0156926979,37.5803534405,100900206,마을버스,2025-03-18 13:49:32.177317
1220,01564,가회동주민센터,126.984957,37.579973,100900048,마을버스,2025-03-18 13:49:32.216396
1221,01565,구기빌라,126.9579797248,37.6062686142,100900097,마을버스,2025-03-18 13:49:32.241040
1222,01566,원남로터리,126.997511497,37.5762373738,100900096,마을버스,2025-03-18 13:49:32.273239
1223,01567,보현산신각,126.9657790521,37.6134825236,100900095,마을버스,2025-03-18 13:49:32.305356
1224,01568,천사유치원,126.9618603707,37.5746480221,100900094,마을버스,2025-03-18 13:49:32.338182
1225,01569,쌍용아파트입구.창신역,127.0149635738,37.580511226,100900093,마을버스,2025-03-18 13:49:32.369809
1226,01570,아름다운가게.정독도서관,126.985123,37.57895,100900092,마을버스,2025-03-18 13:49:32.401761
1227,01571,산정빌라,126.9574922002,37.6051519935,100900091,마을버스,2025-03-18 13:49:32.432914
1228,01572,이화사거리,127.002101,37.576513,100900090,마을버스,2025-03-18 13:49:32.464743
1229,01573,박종화고택입구,126.9676873462,37.6143102577,100900089,마을버스,2025-03-18 13:49:32.496573
1230,01574,무악현대아파트후문,126.962001046,37.5763060751,100900088,마을버스,2025-03-18 13:49:32.528568
1231,01576,헌법재판소.안국역,126.985816,37.577387,100900086,마을버스,2025-03-18 13:49:32.560543
1232,01577,청구빌라,126.9569839726,37.6046102563,100900184,마을버스,2025-03-18 13:49:32.592574
1233,01578,서울대어린이병원응급실.갑상선센터,126.99984,37.578686,100900085,마을버스,2025-03-18 13:49:32.640508
1234,01580,화인빌라,126.9685386165,37.6129345305,100900083,마을버스,2025-03-18 13:49:32.672305
1235,01581,넓은마당,126.9628880463,37.5752728058,100900082,마을버스,2025-03-18 13:49:32.704221
1236,01582,창신초등학교,127.0153885503,37.5769032044,100900207,마을버스,2025-03-18 13:49:32.737499
1237,01583,수운회관,126.986671,37.575219,100900081,마을버스,2025-03-18 13:49:32.768385
1238,01584,상명대후문,126.9573354115,37.6040255786,100900080,마을버스,2025-03-18 13:49:32.800045
1239,01586,힐탑,126.9690205751,37.6116055569,100900079,마을버스,2025-03-18 13:49:32.818749
1240,01587,신학대학교총회본부,126.9634445669,37.5739763092,100900187,마을버스,2025-03-18 13:49:32.847739
1241,01589,낙원상가,126.987417,37.57376,100900078,마을버스,2025-03-18 13:49:32.879457
1242,01590,완성빌라,126.9575011241,37.6034020863,100900077,마을버스,2025-03-18 13:49:32.911185
1243,01591,서울대병원장례식장,126.9974309648,37.5805553988,100900076,마을버스,2025-03-18 13:49:32.927188
1244,01592,혜화역1번출구,127.001843,37.583485,100900075,마을버스,2025-03-18 13:49:32.958885
1245,01593,감나무골공원,126.9699479367,37.6124059606,100900074,마을버스,2025-03-18 13:49:33.006579
1246,01594,한국사회과학자료원,126.9641432573,37.5736332076,100900073,마을버스,2025-03-18 13:49:33.038605
1247,01595,동묘역,127.0142453819,37.5726943506,100900205,마을버스,2025-03-18 13:49:33.070692
1248,01596,금강제화,126.98756,37.57057,100900121,마을버스,2025-03-18 13:49:33.102670
1249,01597,경진빌라,126.9578303612,37.6020037175,100900120,마을버스,2025-03-18 13:49:33.134540
1250,01598,성균관대학교앞,126.9993359079,37.5832597848,100900198,마을버스,2025-03-18 13:49:33.166561
1251,01601,청와대,126.973762,37.582971,100000416,일반차로,2025-03-18 13:49:33.198674
1252,01602,춘추문,126.979657,37.583126,100000417,일반차로,2025-03-18 13:49:33.230860
1253,01603,경복궁.국립민속박물관,126.97959,37.579407,100000418,일반차로,2025-03-18 13:49:33.263028
1254,01604,효자로입구(가상),126.9744334032,37.5762647419,100000420,가상정류장,2025-03-18 13:49:33.295393
1255,01607,EN갤러리,126.970607,37.613411,100900119,마을버스,2025-03-18 13:49:33.327420
1256,01615,성균관대정문,126.99662,37.584957,100900218,마을버스,2025-03-18 13:49:33.359688
1257,01616,600주년기념관,126.993942,37.587329,100900219,마을버스,2025-03-18 13:49:33.391743
1258,01617,성균관대운동장,126.99237,37.587863,100900220,마을버스,2025-03-18 13:49:33.421194
1259,01618,학생회관,126.993738,37.587445,100900221,마을버스,2025-03-18 13:49:33.439986
1260,01667,종로문화센터,126.9646261961,37.5746470811,100900118,마을버스,2025-03-18 13:49:33.471876
1261,01682,동대문역.2번출구,127.0117218002,37.5720494465,100900117,마을버스,2025-03-18 13:49:33.487822
1262,01683,종각역YMCA,126.985096,37.570379,100900116,마을버스,2025-03-18 13:49:33.521209
1263,01684,서교빌라,126.9571553655,37.601989057,100900115,마을버스,2025-03-18 13:49:33.551202
1264,01685,경복궁역,126.9724733176,37.5770722054,100900177,마을버스,2025-03-18 13:49:33.582956
1265,01697,성대입구,126.998853007,37.5832668015,100900199,마을버스,2025-03-18 13:49:33.619911
1266,01698,무애사,126.9718458037,37.6139004282,100900114,마을버스,2025-03-18 13:49:33.646651
1267,01699,단군성전앞,126.9653175119,37.5755600915,100900113,마을버스,2025-03-18 13:49:33.678408
1268,01702,동대문종합시장,127.00496,37.571212,100900192,마을버스,2025-03-18 13:49:33.710351
1269,01714,상명초등학교,126.956715418,37.6009238115,100900112,마을버스,2025-03-18 13:49:33.742343
1270,01720,법련사,126.9796650539,37.5765879752,100900179,마을버스,2025-03-18 13:49:33.758317
1271,01721,광화문새마을금고,126.9710277184,37.5794930902,100900111,마을버스,2025-03-18 13:49:33.790476
1272,01722,성균관대학교,126.996857,37.586047,100900110,마을버스,2025-03-18 13:49:33.821697
1273,01723,참샘골공원,126.974255,37.614612,100900109,마을버스,2025-03-18 13:49:33.853609
1274,01724,활터앞,126.9653293849,37.5768126115,100900108,마을버스,2025-03-18 13:49:33.885513
1275,01725,종로5가.3번출구,127.0020898456,37.5714192458,100900107,마을버스,2025-03-18 13:49:33.921994
1276,01727,인사동들머리.3.1독립선언터,126.983296967,37.5719470235,100900106,마을버스,2025-03-18 13:49:33.949449
1277,01728,정독도서관,126.980074,37.580262,100900105,마을버스,2025-03-18 13:49:33.981303
1278,01729,오거리.한옥마을입구,126.9697392663,37.5794684375,100900104,마을버스,2025-03-18 13:49:34.022166
1279,01732,평창공원지킴터입구,126.9757438761,37.6163963984,100900103,마을버스,2025-03-18 13:49:34.061164
1280,01733,창경궁.고궁호텔.메이플레이스호텔,126.9974492169,37.5765581609,100000360,일반차로,2025-03-18 13:49:34.093199
1281,01762,광화문,126.975569,37.570337,100000329,가로변시간,2025-03-18 13:49:34.125173
1282,01763,종로1가,126.980129,37.57037,100000330,가로변시간,2025-03-18 13:49:34.157005
1283,01766,종로2가,126.986463,37.570083,100000333,가로변시간,2025-03-18 13:49:34.173058
1284,01767,종로3가,126.99321,37.570635,100000334,일반차로,2025-03-18 13:49:34.204986
1285,01768,종로3가,126.9909932186,37.5701024255,100000335,가로변전일,2025-03-18 13:49:34.252720
1286,01769,종로4가,126.996252,37.57047,100000336,가로변시간,2025-03-18 13:49:34.284678
1287,01771,동대문종합시장종로6가,127.003292,37.570862,100000338,가로변시간,2025-03-18 13:49:34.322732
1288,01776,종로도서관,126.9671251598,37.5764842271,100900102,마을버스,2025-03-18 13:49:34.349065
1289,01777,경복궁역,126.9715056448,37.5761780936,100000343,일반차로,2025-03-18 13:49:34.381042
1290,01778,경복궁역,126.97168,37.575816,100000344,일반차로,2025-03-18 13:49:34.423202
1291,01779,안국역,126.985229602,37.5766137515,100000345,일반차로,2025-03-18 13:49:34.444995
1292,01780,안국역,126.9855059829,37.5763185096,100000346,일반차로,2025-03-18 13:49:34.476977
1293,01781,창덕궁,126.988901,37.577519,100000347,일반차로,2025-03-18 13:49:34.493014
1294,01782,성대입구,126.999229,37.583283,100000348,일반차로,2025-03-18 13:49:34.525406
1295,01790,종로사우나,126.9877503526,37.5738011149,100900101,마을버스,2025-03-18 13:49:34.557340
1296,01791,엄마분식,126.9557163281,37.6012424257,100900180,마을버스,2025-03-18 13:49:34.605306
1297,01792,삼청파출소,126.9813258198,37.58164517,100900100,마을버스,2025-03-18 13:49:34.637149
1298,01793,통인시장.종로구보건소,126.9687504797,37.5803350289,100900099,마을버스,2025-03-18 13:49:34.653132
1299,01794,종로5가역,127.0000249058,37.570671358,100900191,마을버스,2025-03-18 13:49:34.701247
1300,01795,평창동산림제3초소,126.977104,37.617356,100900098,마을버스,2025-03-18 13:49:34.733123
1301,01796,배화여중고,126.9678156705,37.5767556306,100900145,마을버스,2025-03-18 13:49:34.765202
1302,01797,대학로입구.이화사거리,127.0025801998,37.5759841652,100900143,마을버스,2025-03-18 13:49:34.797413
1303,01798,운현궁,126.9869813803,37.5752716136,100900144,마을버스,2025-03-18 13:49:34.845382
1304,01799,상명대입구,126.9569583018,37.6000210109,100900142,마을버스,2025-03-18 13:49:34.877552
1305,01800,삼청동주민센터,126.9822105151,37.5846846831,100900141,마을버스,2025-03-18 13:49:34.909522
1306,01801,박노수미술관,126.9668944502,37.5810265604,100900140,마을버스,2025-03-18 13:49:34.941300
1307,01802,김창열.윤명로화실,126.9783685436,37.616304998,100900139,마을버스,2025-03-18 13:49:34.957275
1308,01803,사직공원.경복궁역입구,126.9689039095,37.5762206893,100900138,마을버스,2025-03-18 13:49:34.989677
1309,01804,충신시장,127.005404874,37.5749766498,100900137,마을버스,2025-03-18 13:49:35.025956
1310,01805,안국역2번출구앞,126.9861183272,37.5771728174,100900189,마을버스,2025-03-18 13:49:35.053767
1311,01807,금융연수원,126.981847891,37.5858776706,100900135,마을버스,2025-03-18 13:49:35.069882
1312,01809,감람산기도원,126.9798729651,37.6159439291,100900134,마을버스,2025-03-18 13:49:35.102256
1313,01810,카센터.터널앞,126.96585932,37.5741644592,100900133,마을버스,2025-03-18 13:49:35.150025
1314,01812,재동초등학교,126.9853617134,37.578791085,100900131,마을버스,2025-03-18 13:49:35.182179
1315,01814,삼청공원삼거리.옥호정터,126.9817444742,37.5874185176,100900129,마을버스,2025-03-18 13:49:35.226506
1316,01815,이화사거리,127.0022812884,37.5753200672,100900128,마을버스,2025-03-18 13:49:35.246262
1317,01816,연화정사,126.9794938432,37.6146490046,100900127,마을버스,2025-03-18 13:49:35.278052
1318,01817,대신중고,126.9616893251,37.5726178078,100900126,마을버스,2025-03-18 13:49:35.310036
1319,01819,현대사거리,126.987,37.579306,100900125,마을버스,2025-03-18 13:49:35.341409
1320,01820,교남동주민센터,126.9612800199,37.5721522968,100900215,마을버스,2025-03-18 13:49:35.372961
1321,01821,부암동주민센터.무계원,126.9637682263,37.5929353403,100900181,마을버스,2025-03-18 13:49:35.404780
1322,01823,형제봉입구,126.9816861503,37.6128643152,100900124,마을버스,2025-03-18 13:49:35.442020
1323,01824,교남동새마을금고,126.962337459,37.5714943551,100900123,마을버스,2025-03-18 13:49:35.468242
1324,01825,창신초교,127.0157200961,37.5760372123,100900122,마을버스,2025-03-18 13:49:35.484308
1325,01826,가회동주민센터,126.9851293823,37.5799426497,100900168,마을버스,2025-03-18 13:49:35.526736
1326,01827,볼링장,126.98817,37.579317,100900167,마을버스,2025-03-18 13:49:35.548218
1327,01829,부암슈퍼,126.9638602023,37.5947600723,100900166,마을버스,2025-03-18 13:49:35.580296
1328,01830,지구촌교회,126.979238,37.613106,100900165,마을버스,2025-03-18 13:49:35.612284
1329,01831,월암공원,126.964693,37.571226,100900164,마을버스,2025-03-18 13:49:35.644326
1330,01832,숭인1동주민센터,127.0155607478,37.5774150014,100900163,마을버스,2025-03-18 13:49:35.692344
1331,01833,북촌한옥마을입구.정세권활동터,126.9851687446,37.5812807738,100900162,마을버스,2025-03-18 13:49:35.727471
1332,01835,하림각,126.9629663842,37.5976847268,100900161,마을버스,2025-03-18 13:49:35.756566
1333,01836,보현빌라,126.978421,37.615382,100900160,마을버스,2025-03-18 13:49:35.788263
1334,01837,스위스대사관,126.965696,37.570137,100900159,마을버스,2025-03-18 13:49:35.820032
1335,01839,안국선원.삼거리,126.9852205387,37.5827432497,100900157,마을버스,2025-03-18 13:49:35.835892
1336,01840,세검정교회,126.960029,37.599386,100900156,마을버스,2025-03-18 13:49:35.867549
1337,01841,혜화동로터리,127.0010032298,37.5859196111,100900200,마을버스,2025-03-18 13:49:35.883365
1338,01842,김종영미술관,126.9781122953,37.6132637884,100900155,마을버스,2025-03-18 13:49:35.927806
1339,01843,서울시교육청,126.966702,37.569383,100900154,마을버스,2025-03-18 13:49:35.946667
1340,01844,창신쌍용1단지.종로센트레빌아파트,127.0155692785,37.5803228198,100900210,마을버스,2025-03-18 13:49:35.978325
1341,01845,사우디대사관,126.9852486243,37.583863308,100900153,마을버스,2025-03-18 13:49:36.028175
1342,01846,상명대입구,126.9574023475,37.5998544708,100900152,마을버스,2025-03-18 13:49:36.057822
1343,01847,혜화초등학교,126.9999909413,37.5873892922,100900151,마을버스,2025-03-18 13:49:36.089775
1344,01849,강북삼성병원,126.9683376852,37.5685315243,100900149,마을버스,2025-03-18 13:49:36.137915
1345,01850,청룡사.보문파크뷰자이아파트,127.0171508787,37.5797846496,100900148,마을버스,2025-03-18 13:49:36.169640
1346,01851,감사원,126.9855618026,37.5862656518,100900147,마을버스,2025-03-18 13:49:36.185477
1347,01852,국민생활관,126.9993137839,37.5896275957,100900201,마을버스,2025-03-18 13:49:36.224415
1348,01855,종로센트레빌후문.e편한세상보문아파트,127.015935,37.581911,100900173,마을버스,2025-03-18 13:49:36.246163
1349,01856,통일부,126.9861073451,37.5875308468,100900172,마을버스,2025-03-18 13:49:36.281141
1350,01858,서울국제고등학교,126.9971407875,37.5890742944,100900171,마을버스,2025-03-18 13:49:36.304440
1351,01860,성대후문.와룡공원,126.989734001,37.5891522774,100900203,마을버스,2025-03-18 13:49:36.338958
1352,01861,상명초등학교,126.9568173576,37.600904926,100900170,마을버스,2025-03-18 13:49:36.369191
1353,01862,새마을금고,126.9965690016,37.5878406881,100900169,마을버스,2025-03-18 13:49:36.386067
1354,01863,경진빌라,126.9579482257,37.6018640911,100900002,마을버스,2025-03-18 13:49:36.428981
1355,01864,명륜시장.성대후문,126.9952305162,37.5887246101,100900004,마을버스,2025-03-18 13:49:36.450160
1356,01865,완성빌라,126.9576665157,37.6033399708,100900006,마을버스,2025-03-18 13:49:36.491542
1357,01866,양현관,126.9937685575,37.5897680031,100900008,마을버스,2025-03-18 13:49:36.516060
1358,01868,상명대후문,126.9574633677,37.6040715802,100900010,마을버스,2025-03-18 13:49:36.537159
1359,01869,샘미용실,126.9934084203,37.5902545716,100900012,마을버스,2025-03-18 13:49:36.562447
1360,01870,산정빌라,126.9575782035,37.6052835831,100900014,마을버스,2025-03-18 13:49:36.604566
1361,01872,구기빌라,126.9579809335,37.6061334517,100900018,마을버스,2025-03-18 13:49:36.637843
1362,01873,마트앞,126.958756466,37.6066987064,100900019,마을버스,2025-03-18 13:49:36.679309
1363,01874,국민은행.세검정지점,126.960876,37.604952,100900022,마을버스,2025-03-18 13:49:36.712276
1364,01876,혜화역4번출구,127.001555,37.583509,100900027,마을버스,2025-03-18 13:49:36.745455
1365,01877,방송통신대앞,127.0019926794,37.5786973612,100900028,마을버스,2025-03-18 13:49:36.771535
1366,01878,서울대치과대학,126.997802,37.577411,100900030,마을버스,2025-03-18 13:49:36.804721
1367,01879,효제초교.연동교회.김마리아활동터,127.0022087811,37.5736413355,100900033,마을버스,2025-03-18 13:49:36.836765
1368,01881,성균관대학교,126.9900035953,37.5884638684,100900204,마을버스,2025-03-18 13:49:36.870376
1369,01882,독립문역,126.9594077577,37.5732838531,100900214,마을버스,2025-03-18 13:49:36.896363
1370,01883,서울대치과대학,126.99787,37.577572,100900038,마을버스,2025-03-18 13:49:36.932599
1371,01886,이화사거리,127.0020084833,37.5769483437,100900043,마을버스,2025-03-18 13:49:36.960896
1372,01887,서울대학교병원현관.암병원현관,126.9981567653,37.5789514712,100900042,마을버스,2025-03-18 13:49:36.988246
1373,01888,종각.공평유적전시관,126.9832427053,37.5715937879,100900211,마을버스,2025-03-18 13:49:37.015682
1374,01889,조계사,126.9831364101,37.5736021088,100900213,마을버스,2025-03-18 13:49:37.036740
1375,01901,동대문역JW메리어트동대문호텔,127.009186,37.570859,100000399,일반차로,2025-03-18 13:49:37.078596
1376,01902,대학로,127.0021204164,37.58189612,100000407,일반차로,2025-03-18 13:49:37.106157
1377,01903,창경궁,126.9964163097,37.5791596347,100000408,일반차로,2025-03-18 13:49:37.130005
1378,01904,창덕궁,126.9901776043,37.5775301708,100000409,일반차로,2025-03-18 13:49:37.169055
1379,01905,인사동.북촌,126.9837977873,37.5758950223,100000410,일반차로,2025-03-18 13:49:37.184949
1380,01906,경복궁.국립민속박물관,126.979446549,37.5794473961,100000411,일반차로,2025-03-18 13:49:37.216627
1381,01907,세종문화회관,126.977004,37.573219,100000412,일반차로,2025-03-18 13:49:37.255655
1382,01910,통인시장,126.9713315727,37.5791187605,100000401,일반차로,2025-03-18 13:49:37.284700
1383,01911,세종문화회관,126.977017,37.573219,100000402,일반차로,2025-03-18 13:49:37.308123
1384,01912,종각역,126.9828944171,37.5693799579,101000313,일반차로,2025-03-18 13:49:37.338256
1385,01913,인사동.탑골공원,126.9888006413,37.5701155367,100000403,일반차로,2025-03-18 13:49:37.354115
1386,01914,종묘.세운상가,126.9935556798,37.5703548529,100000404,일반차로,2025-03-18 13:49:37.385812
1387,01915,광장시장,126.9996734151,37.5706237295,100000405,일반차로,2025-03-18 13:49:37.401812
1388,01916,동묘.숭인동도깨비시장,127.0180439092,37.5734766013,100000406,일반차로,2025-03-18 13:49:37.433612
1389,01917,서울풍물시장,127.0231780999,37.5733400255,105000553,일반차로,2025-03-18 13:49:37.465647
1390,01918,청와대,126.9737600308,37.582684814,100000400,일반차로,2025-03-18 13:49:37.507396
1391,02001,남대문세무서.서울백병원,126.9875299251,37.5649848069,101000001,중앙차로,2025-03-18 13:49:37.536843
1392,02002,서울백병원.국가인권위.안중근활동터,126.9878515151,37.5643504711,101000002,중앙차로,2025-03-18 13:49:37.561994
1393,02003,서울역버스환승센터,126.9722570849,37.5551460158,101000003,중앙차로,2025-03-18 13:49:37.597279
1394,02004,서울역버스환승센터,126.9725950761,37.5553889891,101000004,중앙차로,2025-03-18 13:49:37.628809
1395,02005,서울역버스환승센터,126.9727617448,37.5553876977,101000005,중앙차로,2025-03-18 13:49:37.652018
1396,02006,서울역버스환승센터,126.9728547738,37.5554794133,101000006,중앙차로,2025-03-18 13:49:37.683876
1397,02007,서울역버스환승센터.강우규의거터,126.972926,37.555411,101000007,중앙차로,2025-03-18 13:49:37.716017
1398,02008,숭례문,126.9737783904,37.5586388574,101000008,중앙차로,2025-03-18 13:49:37.747543
1399,02099,숭례문(가상),126.9743556496,37.5597967723,101000329,가상정류장,2025-03-18 13:49:37.779685
1400,02100,서울시청,126.9806320857,37.5661382638,101000303,일반차로,2025-03-18 13:49:37.811872
1401,02101,만리동고개,126.9626582054,37.551787064,101000009,일반차로,2025-03-18 13:49:37.831763
1402,02102,손기정체육공원입구,126.9662339013,37.5544459527,101000010,일반차로,2025-03-18 13:49:37.860057
1403,02103,서울의료보건고등학교.서울역서부,126.968902,37.555848,101000011,일반차로,2025-03-18 13:49:37.892159
1404,02104,서울역서부,126.969153,37.556235,101000012,일반차로,2025-03-18 13:49:37.908367
1405,02105,서울역서부,126.969212,37.557133,101000013,일반차로,2025-03-18 13:49:37.956325
1406,02106,중림동교차로,126.9691354395,37.5583836266,101000014,일반차로,2025-03-18 13:49:37.987988
1407,02107,종근당.충정로역,126.964543,37.559648,101000015,일반차로,2025-03-18 13:49:38.019619
1408,02108,한국경제신문사.서소문역사공원,126.9678680149,37.5602111497,101000016,일반차로,2025-03-18 13:49:38.035658
1409,02109,한국경제신문사.서소문역사공원,126.9681135141,37.5606234736,101000017,일반차로,2025-03-18 13:49:38.067609
1410,02110,경찰청.동북아역사재단,126.9691267228,37.5630494858,101000018,일반차로,2025-03-18 13:49:38.110498
1411,02111,장충동써미트호텔,127.00667,37.562273,101000300,일반차로,2025-03-18 13:49:38.140424
1412,02113,서대문경찰서.농협은행.유관순활동터,126.9677868059,37.5649062803,101000020,일반차로,2025-03-18 13:49:38.166470
1413,02116,염천교,126.973113,37.559869,101000021,일반차로,2025-03-18 13:49:38.199408
1414,02117,숭례문,126.973359,37.558401,101000022,일반차로,2025-03-18 13:49:38.234133
1415,02118,숭례문.한국일보,126.9737375955,37.5587713091,101000023,일반차로,2025-03-18 13:49:38.264437
1416,02120,후암삼거리,126.975993,37.553408,101000025,일반차로,2025-03-18 13:49:38.295753
1417,02121,숭례문,126.974362745,37.5587633765,101000026,일반차로,2025-03-18 13:49:38.322155
1418,02122,숭례문,126.9740436876,37.5584195299,101000027,일반차로,2025-03-18 13:49:38.345881
1419,02123,숭례문,126.9736279452,37.5580006528,101000028,일반차로,2025-03-18 13:49:38.371265
1420,02124,남대문시장악세사리전문상가,126.976,37.558873,101000029,일반차로,2025-03-18 13:49:38.396888
1421,02125,숭례문남산방향,126.9756720863,37.5585581643,101000030,일반차로,2025-03-18 13:49:38.437723
1422,02126,남대문시장,126.9800597585,37.561191081,101000031,일반차로,2025-03-18 13:49:38.471537
1423,02127,북창동.남대문시장,126.978282,37.56123,101000032,가로변시간,2025-03-18 13:49:38.504638
1424,02128,시청앞,126.976443,37.562197,101000033,일반차로,2025-03-18 13:49:38.533784
1425,02131,삼성본관앞,126.9759075283,37.5620517519,101000034,일반차로,2025-03-18 13:49:38.555288
1426,02132,시청앞,126.976148714,37.562764205,101000035,일반차로,2025-03-18 13:49:38.587268
1427,02133,서소문,126.974652,37.563191,101000036,일반차로,2025-03-18 13:49:38.612290
1428,02135,시청.서소문청사,126.9749539314,37.5635248407,101000038,일반차로,2025-03-18 13:49:38.645801
1429,02137,서울신문사,126.9773647051,37.5683632936,101000039,일반차로,2025-03-18 13:49:38.679304
1430,02139,우리은행종로지점,126.9829289124,37.5675190047,101000040,가로변시간,2025-03-18 13:49:38.712607
1431,02140,롯데백화점,126.982205,37.56451,101000041,가로변전일,2025-03-18 13:49:38.746269
1432,02141,해운센터.롯데영프라자,126.9815478394,37.5628907847,101000042,가로변시간,2025-03-18 13:49:38.770986
1433,02142,롯데영프라자,126.982008,37.562885,101000043,가로변전일,2025-03-18 13:49:38.795706
1434,02144,신세계백화점,126.981432,37.561128,101000045,일반차로,2025-03-18 13:49:38.829006
1435,02145,남대문시장.회현역,126.9777650546,37.5582675237,101000046,일반차로,2025-03-18 13:49:38.862237
1436,02146,남대문시장.회현역,126.9784645011,37.5584920257,101000047,일반차로,2025-03-18 13:49:38.887019
1437,02147,남산3호터널,126.98274,37.558312,101000048,일반차로,2025-03-18 13:49:38.912071
1438,02148,남산3호터널.서울애니메이션센터,126.9826359346,37.5595260891,101000049,일반차로,2025-03-18 13:49:38.955710
1439,02149,명동역4번출구,126.984917,37.560657,101000050,일반차로,2025-03-18 13:49:38.987938
1440,02150,퇴계로2가.명동역5번출구,126.984362,37.56093,101000051,일반차로,2025-03-18 13:49:39.012705
1441,02151,퇴계로3가.한옥마을.한국의집,126.9917771969,37.5612508237,101000052,가로변전일,2025-03-18 13:49:39.045796
1442,02152,퇴계로3가.한옥마을.한국의집,126.99241,37.560902,101000053,가로변시간,2025-03-18 13:49:39.079446
1443,02153,충무로역2번출구.대한극장앞,126.994728,37.561238,101000054,가로변전일,2025-03-18 13:49:39.112371
1444,02154,충무로역8번출구.대한극장앞,126.9964921507,37.5620371603,101000055,가로변전일,2025-03-18 13:49:39.145490
1445,02155,초동,126.9931119513,37.5633461766,101000056,일반차로,2025-03-18 13:49:39.170889
1446,02156,을지로입구.로얄호텔,126.9853902774,37.5658757422,101000057,일반차로,2025-03-18 13:49:39.204129
1447,02157,을지로입구.시청입구,126.9811712097,37.5661382638,101000058,일반차로,2025-03-18 13:49:39.237556
1448,02158,을지로2가.기업은행본점.서울노동청,126.9865233528,37.566246226,101000059,일반차로,2025-03-18 13:49:39.263394
1449,02159,을지로2가.파인에비뉴,126.98867,37.566072,101000060,일반차로,2025-03-18 13:49:39.299460
1450,02160,을지로3가,126.990263,37.566375,101000061,일반차로,2025-03-18 13:49:39.335179
1451,02161,을지로3가,126.9913276421,37.5661205237,101000062,일반차로,2025-03-18 13:49:39.367069
1452,02162,을지로4가,126.995933,37.566687,101000063,일반차로,2025-03-18 13:49:39.399104
1453,02163,을지로4가.베스트웨스턴국도,126.9968473297,37.5664010399,101000064,일반차로,2025-03-18 13:49:39.414880
1454,02164,중구청앞.덕수중학교,126.9981401348,37.5647745951,101000065,일반차로,2025-03-18 13:49:39.446461
1455,02165,방산시장.을지로4가역6번출구,126.999258524,37.5668182855,101000066,일반차로,2025-03-18 13:49:39.486343
1456,02166,을지로5가.중부시장,127.0011150411,37.5666200422,101000067,일반차로,2025-03-18 13:49:39.511485
1457,02167,방산시장.훈련원종합체육관,127.0024044565,37.5679608485,101000068,일반차로,2025-03-18 13:49:39.535498
1458,02168,을지로5가.훈련원종합체육관,127.0025945654,37.5658243542,101000069,일반차로,2025-03-18 13:49:39.558554
1459,02169,을지로6가.국립중앙의료원,127.006233,37.566173,101000070,일반차로,2025-03-18 13:49:39.578749
1460,02170,광희동,127.0072096931,37.5650528273,101000071,일반차로,2025-03-18 13:49:39.610570
1461,02171,광희동,127.00772,37.565171,101000072,일반차로,2025-03-18 13:49:39.642209
1462,02172,을지로6가.국립중앙의료원,127.0058434821,37.5664631128,101000073,일반차로,2025-03-18 13:49:39.673969
1463,02173,동대문역사문화공원,127.0083555318,37.5673541422,101000074,일반차로,2025-03-18 13:49:39.705735
1464,02174,동대문역사문화공원,127.00917,37.567483,101000075,일반차로,2025-03-18 13:49:39.735758
1465,02177,충무아트센터.스포츠센터.중부소방서,127.013527,37.565168,101000077,가로변전일,2025-03-18 13:49:39.756276
1466,02178,충무아트센터.스포츠센터.중부소방서,127.0147408667,37.5650178857,101000078,가로변시간,2025-03-18 13:49:39.788213
1467,02179,성동공업고등학교(무궁화회관),127.0157558376,37.5683481924,101000079,일반차로,2025-03-18 13:49:39.820307
1468,02180,성동공업고등학교앞,127.0161294881,37.5686950625,101000080,일반차로,2025-03-18 13:49:39.852025
1469,02181,신당역.중앙시장앞,127.0187426545,37.5657282804,101000081,가로변시간,2025-03-18 13:49:39.884166
1470,02182,신당역.중앙시장앞,127.0194795301,37.5654920748,101000082,가로변전일,2025-03-18 13:49:39.916124
1471,02183,성동고등학교,127.022183,37.565595,101000083,가로변시간,2025-03-18 13:49:39.936528
1472,02184,성동고등학교,127.022398,37.56524,101000084,가로변시간,2025-03-18 13:49:39.962881
1473,02187,신당동떡볶이타운.중구여성플라자,127.015095,37.562798,101000085,일반차로,2025-03-18 13:49:39.994468
1474,02188,신당동떡볶이타운.중구여성플라자,127.0151908517,37.5623100443,101000086,일반차로,2025-03-18 13:49:40.036800
1475,02189,신당동.청구역,127.0132161263,37.5589483023,101000087,일반차로,2025-03-18 13:49:40.073995
1476,02190,신당동.청구역,127.0130316796,37.559257398,101000088,일반차로,2025-03-18 13:49:40.109291
1477,02191,약수역2번출구.가온도서관,127.011043,37.555794,101000089,일반차로,2025-03-18 13:49:40.130165
1478,02192,약수역3번출구.약수하이츠,127.0113796895,37.5557496102,101000090,일반차로,2025-03-18 13:49:40.162663
1479,02193,약수역4번출구.금호터널입구,127.012012,37.553399,101000091,일반차로,2025-03-18 13:49:40.196136
1480,02194,약수역5번출구.금호터널입구,127.0118693353,37.55292373,101000092,일반차로,2025-03-18 13:49:40.221361
1481,02195,약수역8번출구.신당사회복지관,127.0099566945,37.5538646495,101000093,일반차로,2025-03-18 13:49:40.251134
1482,02196,약수역7번출구.약수동주민센터,127.0092978444,37.5528509718,101000094,일반차로,2025-03-18 13:49:40.283331
1483,02197,송도병원앞,127.0077186988,37.5502676468,101000095,일반차로,2025-03-18 13:49:40.315433
1484,02198,송도병원앞,127.0073984027,37.550227118,101000096,일반차로,2025-03-18 13:49:40.347708
1485,02199,약수역1번출구,127.009758,37.556253,101000294,일반차로,2025-03-18 13:49:40.363710
1486,02201,장충체육관앞,127.008065,37.558336,101000097,일반차로,2025-03-18 13:49:40.395614
1487,02202,장충체육관앞,127.0078281581,37.5580017329,101000098,일반차로,2025-03-18 13:49:40.437103
1488,02203,장충동.동국대입구,127.0058212968,37.5605809257,101000099,일반차로,2025-03-18 13:49:40.459954
1489,02204,장충동.동국대입구,127.0056290943,37.5606663921,101000100,일반차로,2025-03-18 13:49:40.491977
1490,02205,퇴계로6가,127.0039011095,37.5634011312,101000101,일반차로,2025-03-18 13:49:40.524379
1491,02206,퇴계로6가,127.003375,37.56353,101000102,일반차로,2025-03-18 13:49:40.556515
1492,02207,퇴계로5가,126.9999660413,37.5623804057,101000103,가로변전일,2025-03-18 13:49:40.588499
1493,02208,퇴계로5가,126.9997252277,37.5627804223,101000104,가로변전일,2025-03-18 13:49:40.604425
1494,02209,국립극장.반얀트리호텔,127.001094708,37.551481823,101000105,일반차로,2025-03-18 13:49:40.638033
1495,02210,국립극장.반얀트리호텔,127.000752,37.551535,101000106,일반차로,2025-03-18 13:49:40.668302
1496,02211,청구역,127.014656108,37.5599600605,101000107,일반차로,2025-03-18 13:49:40.700313
1497,02212,청구역,127.014219181,37.5599303778,101000108,일반차로,2025-03-18 13:49:40.753391
1498,02213,동화동,127.018124,37.560025,101000109,일반차로,2025-03-18 13:49:40.794873
1499,02214,동화동,127.0182736903,37.5598126778,101000110,일반차로,2025-03-18 13:49:40.822230
1500,02215,백범광장,126.980093,37.555737,101000111,일반차로,2025-03-18 13:49:40.854169
1501,02218,남대문경찰서,126.973838,37.554127,101000113,일반차로,2025-03-18 13:49:40.887468
1502,02219,남대문시장앞.이회영활동터,126.978580386,37.5609394169,101000114,가로변시간,2025-03-18 13:49:40.914189
1503,02220,남산케이블카.남산산책로입구,126.9839798009,37.5552651842,101000115,일반차로,2025-03-18 13:49:40.995069
1504,02222,동대입구역.장충동,127.005445,37.558362,101000117,일반차로,2025-03-18 13:49:41.019241
1505,02223,약수역10번출구,127.009322,37.556256,101000295,일반차로,2025-03-18 13:49:41.054816
1506,02224,청계1가.광교,126.983392,37.568572,101000119,일반차로,2025-03-18 13:49:41.091178
1507,02225,청계2가.삼일교,126.9885301722,37.5678404706,101000120,일반차로,2025-03-18 13:49:41.123640
1508,02226,청계4가.배오개다리,126.9971755363,37.5684843738,101000121,일반차로,2025-03-18 13:49:41.153359
1509,02227,청계5가.방산시장,127.000827,37.569215,101000122,일반차로,2025-03-18 13:49:41.182215
1510,02228,청계6가.평화시장,127.004387,37.569443,101000123,일반차로,2025-03-18 13:49:41.209792
1511,02229,청계7가.동평화.청평화시장,127.0138508174,37.5695135434,101000124,일반차로,2025-03-18 13:49:41.240852
1512,02230,청계8가.영도교,127.019,37.570725,101000125,일반차로,2025-03-18 13:49:41.262836
1513,02233,신한은행본점,126.975585201,37.5611965482,101000128,일반차로,2025-03-18 13:49:41.304464
1514,02235,동대문역사문화공원,127.0091092289,37.5654113309,101000130,일반차로,2025-03-18 13:49:41.332860
1515,02236,버티고개,127.0060242348,37.5478041512,101000131,일반차로,2025-03-18 13:49:41.359421
1516,02237,버티고개,127.006189,37.547652,101000132,일반차로,2025-03-18 13:49:41.388527
1517,02240,청계3가.관수교,126.992961,37.568214,101000135,일반차로,2025-03-18 13:49:41.420736
1518,02241,청계6가.오간수교,127.0090361408,37.5694851752,101000136,일반차로,2025-03-18 13:49:41.462708
1519,02242,충무로역.매일경제,126.9933889105,37.561690572,101000137,일반차로,2025-03-18 13:49:41.489965
1520,02246,을지로입구역.광교,126.982562,37.56765,101000141,일반차로,2025-03-18 13:49:41.513542
1521,02252,신당파인힐하나유보라,127.024858,37.564982,101000147,가로변전일,2025-03-18 13:49:41.554228
1522,02253,명동입구,126.982588,37.564545,101000148,가로변전일,2025-03-18 13:49:41.587710
1523,02254,남산북측순환로입구,126.9988218165,37.5506986166,101000149,일반차로,2025-03-18 13:49:41.630588
1524,02255,신당동삼성아파트.금호여중,127.0187298806,37.5585545048,101000150,일반차로,2025-03-18 13:49:41.663685
1525,02256,신당동대우푸르지오.금호여중,127.019292,37.557805,101000151,일반차로,2025-03-18 13:49:41.688426
1526,02257,황학동주민센터,127.0234023516,37.5668556166,101000152,일반차로,2025-03-18 13:49:41.721180
1527,02258,신당초등학교앞,127.023723,37.564662,101000153,일반차로,2025-03-18 13:49:41.754924
1528,02259,금호베스트빌.래미안하이베르,127.024067,37.561643,101000154,일반차로,2025-03-18 13:49:41.778991
1529,02260,금호베스트빌.래미안하이베르,127.0243472269,37.5622544456,101000155,일반차로,2025-03-18 13:49:41.812681
1530,02261,신당초등학교,127.024240415,37.5645028357,101000156,일반차로,2025-03-18 13:49:41.847049
1531,02262,서대문경찰서.농협은행.유관순활동터,126.967647,37.565132,101000157,일반차로,2025-03-18 13:49:41.884441
1532,02272,방산종합시장,127.0019301271,37.5678058693,101000163,일반차로,2025-03-18 13:49:41.906033
1533,02273,황학동롯데캐슬,127.022033,37.571662,101000164,일반차로,2025-03-18 13:49:41.947119
1534,02274,광희문.광희동사거리,127.0086110484,37.5645499236,101000165,일반차로,2025-03-18 13:49:41.971833
1535,02275,광희문.광희동사거리,127.009677,37.564402,101000166,일반차로,2025-03-18 13:49:42.005310
1536,02277,황학동롯데캐슬,127.023297,37.57082,101000168,일반차로,2025-03-18 13:49:42.039561
1537,02278,한국은행.신세계앞,126.9792899798,37.561408112,101000254,가로변시간,2025-03-18 13:49:42.078737
1538,02279,서울기동대.광희초등학교,127.014485,37.567922,101000258,일반차로,2025-03-18 13:49:42.107112
1539,02280,동대문디자인플라자,127.0119962039,37.567700749,101000261,일반차로,2025-03-18 13:49:42.139519
1540,02281,서대문역사거리.농협중앙회,126.9678855112,37.5669222408,101000262,일반차로,2025-03-18 13:49:42.159462
1541,02282,서울스퀘어앞,126.97323173,37.555341632,101000263,일반차로,2025-03-18 13:49:42.191615
1542,02283,북창동.남대문시장,126.9769187336,37.5608462911,101000264,일반차로,2025-03-18 13:49:42.223447
1543,02284,힐튼호텔,126.976562,37.556367,101000266,일반차로,2025-03-18 13:49:42.260173
1544,02285,힐튼호텔,126.9767113404,37.5566267411,101000265,일반차로,2025-03-18 13:49:42.293227
1545,02286,시청앞.덕수궁,126.9768355729,37.5662122834,101000290,일반차로,2025-03-18 13:49:42.330460
1546,02287,남대문세무서.국가인권위원회,126.987866112,37.5650839621,101000292,일반차로,2025-03-18 13:49:42.358422
1547,02288,장충문화체육센터.권기옥활동터,127.0025921056,37.5601745008,101000293,일반차로,2025-03-18 13:49:42.387112
1548,02289,남산1호터널,126.9921666231,37.5574051765,101000328,일반차로,2025-03-18 13:49:42.415456
1549,02291,남산예장버스환승주차장,126.989029,37.560033,101000331,일반차로,2025-03-18 13:49:42.452450
1550,02501,약수역.3.6호선,127.011707,37.553305,101900010,마을버스,2025-03-18 13:49:42.480459
1551,02502,조선일보,126.976885,37.568735,101900009,마을버스,2025-03-18 13:49:42.506417
1552,02503,시청역,126.977006,37.565673,101900011,마을버스,2025-03-18 13:49:42.532765
1553,02505,서울역,126.9713291252,37.5582012576,101900012,마을버스,2025-03-18 13:49:42.558337
1554,02506,숭례문앞,126.976236,37.561517,101900007,마을버스,2025-03-18 13:49:42.588391
1555,02507,프레스센터,126.97734,37.567396,101900006,마을버스,2025-03-18 13:49:42.618492
1556,02510,신당역하나은행,127.021586,37.565422,101900005,마을버스,2025-03-18 13:49:42.648500
1557,02513,염천교,126.971117,37.559798,101900004,마을버스,2025-03-18 13:49:42.679646
1558,02515,서울역서부,126.9692312733,37.5559789686,101900013,마을버스,2025-03-18 13:49:42.709553
1559,02516,한국경제신문사,126.9679526472,37.5609334062,101900003,마을버스,2025-03-18 13:49:42.740072
1560,02518,응봉근린공원.금호산,127.016922,37.553522,101900001,마을버스,2025-03-18 13:49:42.762257
1561,02519,서울방송고등학교.남산타운아파트,127.012409789,37.5495860191,101900023,마을버스,2025-03-18 13:49:42.792982
1562,02520,서울방송고등학교.남산타운아파트,127.012293,37.549618,101900022,마을버스,2025-03-18 13:49:42.825848
1563,02521,중구청소년센터.남산타운2상가,127.012751,37.551656,101900021,마을버스,2025-03-18 13:49:42.858974
1564,02522,중구청소년센터.남산타운2상가,127.012175,37.551906,101900020,마을버스,2025-03-18 13:49:42.878606
1565,02523,약수시장.남산타운동문,127.010785999,37.5516046313,101900019,마을버스,2025-03-18 13:49:42.909610
1566,02524,약수지구대,127.0121072041,37.5527928302,101900018,마을버스,2025-03-18 13:49:42.941834
1567,02605,남대문시장,126.9793240064,37.5613834641,101000173,가로변시간,2025-03-18 13:49:42.996366
1568,02639,을지로입구역롯데호텔,126.9803053067,37.5658047183,101000277,일반차로,2025-03-18 13:49:43.030594
1569,02640,소공동웨스틴조선호텔,126.979645,37.564518,101000298,일반차로,2025-03-18 13:49:43.062146
1570,02641,서울광장,126.978885,37.565352,101000301,일반차로,2025-03-18 13:49:43.092287
1571,02643,광화문코리아나호텔,126.9767760218,37.5684226513,101000275,일반차로,2025-03-18 13:49:43.118933
1572,02649,서소문KAL빌딩,126.974319,37.563334,101000276,일반차로,2025-03-18 13:49:43.153173
1573,02652,동국대입구앰배서더호텔,127.0026102024,37.5597717116,101000273,일반차로,2025-03-18 13:49:43.169073
1574,02661,광화문,126.9767623328,37.568758756,101000226,일반차로,2025-03-18 13:49:43.200994
1575,02662,시청덕수궁,126.97677807,37.565471574,101000227,일반차로,2025-03-18 13:49:43.232911
1576,02664,바비엥스위트,126.9676372948,37.5651089852,101000229,일반차로,2025-03-18 13:49:43.264687
1577,02665,서울역,126.9728595843,37.5578195556,101000230,일반차로,2025-03-18 13:49:43.280650
1578,02669,명동역.세종호텔,126.986449,37.561088,101000234,일반차로,2025-03-18 13:49:43.312564
1579,02679,충무로역.호텔피제이,126.9955605031,37.5617180187,101000244,가로변시간,2025-03-18 13:49:43.344533
1580,02680,남대문시장,126.9787309255,37.560967378,101000245,가로변시간,2025-03-18 13:49:43.372293
1581,02681,이비스엠버서더호텔,126.982612619,37.5646093306,101000246,가로변전일,2025-03-18 13:49:43.398515
1582,02682,프레이저플레이스,126.9692683016,37.5628476779,101000247,일반차로,2025-03-18 13:49:43.426523
1583,02685,서울역,126.971336,37.55816,101000250,일반차로,2025-03-18 13:49:43.484493
1584,02686,아카시아호텔.웨스턴코업레지던스,127.0034786985,37.5665506121,101000257,일반차로,2025-03-18 13:49:43.516447
1585,02687,을지로코업레지던스,127.0053974501,37.5662333554,101000256,일반차로,2025-03-18 13:49:43.538350
1586,02688,토요코인호텔.이비스버젯호텔,127.0089472544,37.5645913489,101000255,일반차로,2025-03-18 13:49:43.568444
1587,02692,약수역,127.0098978294,37.5537889625,101000271,일반차로,2025-03-18 13:49:43.596398
1588,02693,남산밀레니엄힐튼호텔,126.9759752961,37.5554665731,101000270,일반차로,2025-03-18 13:49:43.634460
1589,02694,서울역,126.9720456834,37.5580158041,101000269,일반차로,2025-03-18 13:49:43.665450
1590,02695,숭례문라마다&스위트호텔,126.9720684843,37.5606109591,101000268,일반차로,2025-03-18 13:49:43.687812
1591,02699,시청역더플라자호텔,126.9779059345,37.564156195,101000279,일반차로,2025-03-18 13:49:43.712691
1592,02706,시청.서울신문사,126.9773647244,37.568299316,101000286,일반차로,2025-03-18 13:49:43.746420
1593,02707,프레이저플레이스남대문,126.9762665716,37.5613760047,101000288,일반차로,2025-03-18 13:49:43.779470
1594,02708,프레이저플레이스남대문,126.9755365701,37.5610667807,101000287,일반차로,2025-03-18 13:49:43.804642
1595,02709,동대문역사문화공원,127.009245066,37.5653851887,101000289,일반차로,2025-03-18 13:49:43.838392
1596,02710,광희동더스프라지르서울동대문,127.007526,37.564536,101000297,일반차로,2025-03-18 13:49:43.871150
1597,02711,동대문디자인플라자DDP,127.009213,37.567853,101000296,일반차로,2025-03-18 13:49:43.896418
1598,02712,베이튼호텔,127.0026364414,37.5649993215,101000299,일반차로,2025-03-18 13:49:43.930372
1599,02901,광화문,126.9767086457,37.5689378963,101000316,일반차로,2025-03-18 13:49:43.954235
1600,02902,덕수궁,126.976726812,37.5655845504,101000317,일반차로,2025-03-18 13:49:43.987683
1601,02903,남대문시장,126.9753967375,37.5609231539,101000318,일반차로,2025-03-18 13:49:44.020680
1602,02904,명동,126.9856194882,37.5607583289,101000319,일반차로,2025-03-18 13:49:44.046659
1603,02905,남산골한옥마을,126.9924383581,37.5609950561,101000320,일반차로,2025-03-18 13:49:44.087547
1604,02906,앰버서더호텔,127.0026253879,37.5604635042,101000321,일반차로,2025-03-18 13:49:44.112912
1605,02907,신라호텔,127.0054272005,37.5583034007,101000322,일반차로,2025-03-18 13:49:44.145923
1606,02908,동대문디자인플라자.동대문시장,127.0085549376,37.5668754028,101000324,일반차로,2025-03-18 13:49:44.179661
1607,02909,서울애니메이션센터,126.9872529535,37.5585130207,101000325,일반차로,2025-03-18 13:49:44.204216
1608,02919,남산케이블카,126.9836038081,37.5551172888,101000326,일반차로,2025-03-18 13:49:44.238100
1609,02920,동대문디자인프라자,127.0091304267,37.5677625606,101000308,일반차로,2025-03-18 13:49:44.271973
1610,02921,방산.중부시장,126.9994422877,37.5668568761,101000309,일반차로,2025-03-18 13:49:44.304048
1611,02922,을지로3가,126.9923255915,37.5665349097,101000310,일반차로,2025-03-18 13:49:44.331296
1612,02923,을지로입구,126.981001305,37.5661309607,101000311,일반차로,2025-03-18 13:49:44.359500
1613,02925,명동입구,126.9823773959,37.5641874332,101000312,일반차로,2025-03-18 13:49:44.389470
1614,02926,신당동중앙시장,127.0194166277,37.5657553187,101000314,일반차로,2025-03-18 13:49:44.413162
1615,02927,남산오르미,126.9831348601,37.5581940477,101000315,일반차로,2025-03-18 13:49:44.447726
1616,03001,한강대교북단.LG유플러스,126.963121,37.524049,102000001,중앙차로,2025-03-18 13:49:44.479409
1617,03002,한강대교북단.LG유플러스,126.9631848403,37.5243060629,102000002,중앙차로,2025-03-18 13:49:44.505172
1618,03003,신용산역,126.966207,37.527293,102000003,중앙차로,2025-03-18 13:49:44.537756
1619,03004,신용산역,126.9666192358,37.527920489,102000004,중앙차로,2025-03-18 13:49:44.563523
1620,03005,용산우체국,126.9702350163,37.5314970129,102000005,중앙차로,2025-03-18 13:49:44.604338
1621,03006,용산우체국,126.9705640624,37.5320503694,102000006,중앙차로,2025-03-18 13:49:44.629335
1622,03007,삼각지역,126.973683,37.535181,102000007,중앙차로,2025-03-18 13:49:44.662443
1623,03008,삼각지역,126.9741608708,37.5359845015,102000008,중앙차로,2025-03-18 13:49:44.695224
1624,03009,숙대입구역,126.9725377982,37.543295633,102000009,중앙차로,2025-03-18 13:49:44.737470
1625,03010,숙대입구역,126.9722320769,37.5437560216,102000010,중앙차로,2025-03-18 13:49:44.762910
1626,03011,갈월동,126.9722373211,37.5509755993,102000011,중앙차로,2025-03-18 13:49:44.796148
1627,03012,갈월동,126.9717081909,37.5495337218,102000012,중앙차로,2025-03-18 13:49:44.829557
1628,03110,남영역,126.9719271804,37.542006922,102000018,일반차로,2025-03-18 13:49:44.855349
1629,03111,남영역,126.972069,37.541823,102000019,일반차로,2025-03-18 13:49:44.887780
1630,03119,신용산역3번출구,126.967351,37.528889,102000026,일반차로,2025-03-18 13:49:44.925310
1631,03120,서울드래곤시티,126.96306,37.53216,102000317,일반차로,2025-03-18 13:49:44.955316
1632,03121,용산역3번출구.용산차고지,126.964215,37.531808,102000318,일반차로,2025-03-18 13:49:44.980923
1633,03122,한강대교북단,126.96357,37.524968,102000029,일반차로,2025-03-18 13:49:44.991486
1634,03124,서계동,126.9693404702,37.5524743044,102000030,일반차로,2025-03-18 13:49:45.036987
1635,03125,서계동,126.969221961,37.5516704971,102000031,일반차로,2025-03-18 13:49:45.068812
1636,03126,청파동,126.970122,37.548992,102000032,일반차로,2025-03-18 13:49:45.100856
1637,03127,청파시장,126.9698626298,37.548679027,102000033,일반차로,2025-03-18 13:49:45.133083
1638,03128,숙대입구역.청파동주민센터,126.9707772395,37.5453812474,102000034,일반차로,2025-03-18 13:49:45.170384
1639,03129,숙대입구역.청파동주민센터,126.970416,37.545486,102000035,일반차로,2025-03-18 13:49:45.186619
1640,03130,남영역,126.971032,37.540813,102000036,일반차로,2025-03-18 13:49:45.229221
1641,03131,남영역,126.9706761392,37.5405702704,102000037,일반차로,2025-03-18 13:49:45.262413
1642,03132,용산전자상가17동,126.9660271002,37.5337792589,102000038,일반차로,2025-03-18 13:49:45.295488
1643,03133,용산전자상가19동,126.965707,37.533513,102000039,일반차로,2025-03-18 13:49:45.328817
1644,03134,용산전자상가10동,126.9619640523,37.5332725045,102000040,일반차로,2025-03-18 13:49:45.362119
1645,03135,용산전자상가12동,126.962168,37.533052,102000041,일반차로,2025-03-18 13:49:45.387104
1646,03136,용산전자상가.전자랜드,126.958328,37.532778,102000042,일반차로,2025-03-18 13:49:45.422112
1647,03137,용산전자상가.전자랜드,126.958339,37.533058,102000043,일반차로,2025-03-18 13:49:45.451353
1648,03138,원효대교북단,126.956112,37.531985,102000044,일반차로,2025-03-18 13:49:45.492510
1649,03139,용산경찰서,126.9691858135,37.5405032098,102000045,가로변시간,2025-03-18 13:49:45.522212
1650,03140,용산경찰서,126.9690615428,37.5399994643,102000046,가로변시간,2025-03-18 13:49:45.545158
1651,03141,용산꿈나무종합타운.원효로우체국,126.9669290534,37.5386139009,102000047,가로변시간,2025-03-18 13:49:45.570746
1652,03142,용산e편한세상,126.965469,37.53746,102000048,가로변전일,2025-03-18 13:49:45.596666
1653,03143,남정초등학교,126.9636632444,37.5363187485,102000049,가로변시간,2025-03-18 13:49:45.629853
1654,03144,원효로2가,126.9629911361,37.536237441,102000050,가로변전일,2025-03-18 13:49:45.662607
1655,03145,원효로2가사거리,126.9610704217,37.5349338369,102000051,가로변시간,2025-03-18 13:49:45.689168
1656,03146,원효로3가,126.9581798302,37.5340407624,102000052,가로변시간,2025-03-18 13:49:45.728583
1657,03147,원효로3가,126.9583248022,37.5337957151,102000053,일반차로,2025-03-18 13:49:45.761633
1658,03148,용암초등학교입구.이태원주공아파트,126.988666,37.544109,102000054,일반차로,2025-03-18 13:49:45.784342
1659,03149,이태원동남산대림아파트.용산동아파트,126.987478,37.539873,102000055,가로변시간,2025-03-18 13:49:45.811448
1660,03150,용산한신아파트,126.9871086322,37.5398054732,102000056,일반차로,2025-03-18 13:49:45.838481
1661,03151,해방촌,126.986605,37.537816,102000057,일반차로,2025-03-18 13:49:45.867409
1662,03152,국군재정관리단,126.986848,37.537318,102000058,일반차로,2025-03-18 13:49:45.896241
1663,03153,용산구청,126.9912039368,37.5302839538,102000059,일반차로,2025-03-18 13:49:45.930552
1664,03154,용산구청,126.99116,37.529405,102000060,일반차로,2025-03-18 13:49:45.959448
1665,03155,한강중학교,126.992155,37.52545,102000061,일반차로,2025-03-18 13:49:45.983292
1666,03156,한강중학교앞,126.9924287738,37.5245025908,102000062,일반차로,2025-03-18 13:49:46.013800
1667,03157,서빙고역1번출구,126.989955,37.520046,102000063,일반차로,2025-03-18 13:49:46.040282
1668,03158,장충단로입구,127.002202,37.545795,102000064,일반차로,2025-03-18 13:49:46.071387
1669,03159,남산예술원,127.00204,37.544437,102000065,일반차로,2025-03-18 13:49:46.099914
1670,03160,서울중부기술교육원.블루스퀘어,127.0035397782,37.5415776794,102000066,일반차로,2025-03-18 13:49:46.129543
1671,03161,서울시중부기술교육원.블루스퀘어,127.0031776354,37.5411748997,102000067,일반차로,2025-03-18 13:49:46.159278
1672,03162,순천향대학병원,127.0057302453,37.5364422432,102000068,가로변시간,2025-03-18 13:49:46.190349
1673,03163,순천향대학병원,127.0062993526,37.5356114027,102000069,가로변전일,2025-03-18 13:49:46.219302
1674,03164,순천향대학병원,127.0054993584,37.5357934643,102000070,일반차로,2025-03-18 13:49:46.246794
1675,03165,순천향대학병원.한남오거리,127.0057290409,37.5354906847,102000071,일반차로,2025-03-18 13:49:46.270836
1676,03166,한남5거리,127.0083381045,37.5328656324,102000072,일반차로,2025-03-18 13:49:46.296411
1677,03167,남산도서관.용산도서관,126.980835,37.552282,102000073,일반차로,2025-03-18 13:49:46.334291
1678,03168,남산도서관.용산도서관,126.9811340112,37.5520442521,102000074,일반차로,2025-03-18 13:49:46.362417
1679,03169,후암약수터,126.98432,37.54869,102000075,일반차로,2025-03-18 13:49:46.377552
1680,03170,후암약수터,126.9841668777,37.548395263,102000076,일반차로,2025-03-18 13:49:46.428522
1681,03171,보성여중고입구,126.9858399758,37.5463968458,102000077,일반차로,2025-03-18 13:49:46.444649
1682,03172,보성여중고입구,126.9856317665,37.5462598541,102000078,일반차로,2025-03-18 13:49:46.476649
1683,03173,남산체육관,126.9927901963,37.5427038827,102000079,일반차로,2025-03-18 13:49:46.513967
1684,03174,남산체육관,126.992916961,37.5425047481,102000080,일반차로,2025-03-18 13:49:46.545148
1685,03175,하얏트호텔,126.996128,37.541753,102000081,일반차로,2025-03-18 13:49:46.577494
1686,03176,하얏트호텔,126.997422,37.540867,102000082,일반차로,2025-03-18 13:49:46.607087
1687,03177,용마루고개(서울자동차고등학교),126.9584647114,37.5406368923,102000083,일반차로,2025-03-18 13:49:46.636636
1688,03178,용마루고개.효창파크푸르지오아파트,126.9585520334,37.5402999129,102000084,일반차로,2025-03-18 13:49:46.668411
1689,03179,효창공원앞역.이봉창역사울림관,126.9619,37.539267,102000085,일반차로,2025-03-18 13:49:46.700383
1690,03180,효창공원앞역.이봉창역사울림관,126.962698,37.538826,102000086,일반차로,2025-03-18 13:49:46.716485
1691,03181,용산꿈나무종합타운.보건분소,126.9649997667,37.5384268178,102000087,일반차로,2025-03-18 13:49:46.748553
1692,03182,용산꿈나무종합타운.보건분소,126.964648,37.538295,102000088,일반차로,2025-03-18 13:49:46.780946
1693,03183,원효로제1동주민센터,126.966993,37.53766,102000089,일반차로,2025-03-18 13:49:46.820685
1694,03184,전쟁기념관,126.9768577525,37.5347586674,102000090,일반차로,2025-03-18 13:49:46.846221
1695,03185,전쟁기념관,126.975382,37.534652,102000091,일반차로,2025-03-18 13:49:46.876058
1696,03186,녹사평역,126.9851183494,37.5351069553,102000092,일반차로,2025-03-18 13:49:46.905337
1697,03187,녹사평역,126.9853046955,37.5347582183,102000093,일반차로,2025-03-18 13:49:46.941706
1698,03188,용산구청.이태원시장,126.99046,37.534375,102000094,일반차로,2025-03-18 13:49:46.967696
1699,03189,용산구청.이태원시장,126.990007,37.534113,102000095,일반차로,2025-03-18 13:49:46.995438
1700,03190,이태원역1번출구.해밀턴호텔,126.9929957924,37.5345183319,102000096,일반차로,2025-03-18 13:49:47.027215
1701,03191,이태원역4번출구.해밀턴호텔,126.993431,37.534355,102000097,일반차로,2025-03-18 13:49:47.059428
1702,03192,이태원119안전센터,126.996387,37.53479,102000098,일반차로,2025-03-18 13:49:47.089178
1703,03193,이태원119안전센터,126.997181,37.534605,102000099,일반차로,2025-03-18 13:49:47.111859
1704,03194,한남동주민센터,127.000468,37.537047,102000100,일반차로,2025-03-18 13:49:47.145460
1705,03195,한남동주민센터,127.000807,37.537013,102000101,일반차로,2025-03-18 13:49:47.169881
1706,03196,한강진역.블루스퀘어,127.001669577,37.5407264564,102000102,일반차로,2025-03-18 13:49:47.211853
1707,03197,한강진역.블루스퀘어,127.002023,37.54093,102000103,일반차로,2025-03-18 13:49:47.236794
1708,03198,서울역,126.973897,37.553622,102000104,일반차로,2025-03-18 13:49:47.261809
1709,03199,후암3거리,126.9765772255,37.5525408404,102000105,일반차로,2025-03-18 13:49:47.295324
1710,03200,후암시장,126.9770644706,37.5506891863,102000106,일반차로,2025-03-18 13:49:47.324484
1711,03201,후암시장,126.9775446282,37.5497467332,102000107,일반차로,2025-03-18 13:49:47.345119
1712,03202,용산중고,126.978182,37.54666,102000108,일반차로,2025-03-18 13:49:47.378906
1713,03203,용산중고,126.978350169,37.54679039,102000109,일반차로,2025-03-18 13:49:47.409947
1714,03204,후암동종점,126.9809588102,37.5466989277,102000110,일반차로,2025-03-18 13:49:47.428529
1715,03205,용산중고,126.977563,37.54574,102000111,일반차로,2025-03-18 13:49:47.459547
1716,03206,남영동주민센터,126.976872,37.545815,102000112,일반차로,2025-03-18 13:49:47.478353
1717,03207,남영동주민센터,126.9750573355,37.5453624049,102000113,일반차로,2025-03-18 13:49:47.511057
1718,03208,남영우체국,126.973235384,37.5451241168,102000114,일반차로,2025-03-18 13:49:47.535636
1719,03209,남영우체국,126.973482,37.54537,102000115,일반차로,2025-03-18 13:49:47.561916
1720,03210,한남시범아파트,127.0122607528,37.5379429734,102000116,일반차로,2025-03-18 13:49:47.595607
1721,03211,한남시범아파트,127.0126714787,37.5377041394,102000117,일반차로,2025-03-18 13:49:47.628604
1722,03212,한남동,127.0084445845,37.5339127002,102000118,일반차로,2025-03-18 13:49:47.653699
1723,03213,한남동,127.0087002913,37.5337549896,102000119,일반차로,2025-03-18 13:49:47.687111
1724,03214,이촌동동부센트레빌,126.966008,37.521567,102000120,일반차로,2025-03-18 13:49:47.719395
1725,03215,이촌동두산위브트레지움.한강대우아파트,126.967528,37.521573,102000121,일반차로,2025-03-18 13:49:47.766971
1726,03216,이촌1동충신교회앞,126.96848,37.521285,102000122,일반차로,2025-03-18 13:49:47.799227
1727,03217,이촌동한가람아파트.이촌역,126.9718842721,37.520656299,102000123,일반차로,2025-03-18 13:49:47.824665
1728,03218,이촌동한강맨션.이촌역,126.97271,37.52018,102000124,일반차로,2025-03-18 13:49:47.859433
1729,03219,신용산초등학교,126.974505,37.519848,102000125,일반차로,2025-03-18 13:49:47.893313
1730,03220,신용산초등학교.중경고등학교,126.976238,37.51908,102000126,일반차로,2025-03-18 13:49:47.925462
1731,03221,중경고등학교.이촌동강촌아파트,126.977522,37.518917,102000127,일반차로,2025-03-18 13:49:47.952119
1732,03222,이촌동점보아파트,126.9783561291,37.5183400338,102000128,일반차로,2025-03-18 13:49:47.977655
1733,03223,이촌동현대아파트,126.9787120007,37.5185336834,102000129,일반차로,2025-03-18 13:49:48.014010
1734,03224,금강병원.반도아파트,126.9811234284,37.517704332,102000130,일반차로,2025-03-18 13:49:48.045891
1735,03225,서빙고신동아아파트,126.985098,37.517927,102000131,일반차로,2025-03-18 13:49:48.061854
1736,03226,서빙고신동아아파트,126.985371435,37.5174859672,102000132,일반차로,2025-03-18 13:49:48.093525
1737,03227,만리동고개,126.962825,37.55167,102000133,일반차로,2025-03-18 13:49:48.125494
1738,03228,손기정체육공원,126.9664230215,37.5542153265,102000134,일반차로,2025-03-18 13:49:48.149194
1739,03229,숙대입구역,126.9708398554,37.5444252003,102000135,일반차로,2025-03-18 13:49:48.189410
1740,03230,남영역,126.9709244565,37.5422202391,102000136,일반차로,2025-03-18 13:49:48.221326
1741,03231,숙명여대도서관앞,126.9672216718,37.5448468654,102000137,일반차로,2025-03-18 13:49:48.253502
1742,03232,숙명여대도서관앞,126.9664464653,37.5448412411,102000138,일반차로,2025-03-18 13:49:48.285739
1743,03233,숙명여대정문,126.9641094647,37.5449594985,102000139,일반차로,2025-03-18 13:49:48.317930
1744,03234,숙명여대정문,126.9643096929,37.5451307674,102000140,일반차로,2025-03-18 13:49:48.349980
1745,03235,숙명여대후문.이봉창활동터,126.963307,37.546091,102000141,일반차로,2025-03-18 13:49:48.381867
1746,03236,효창공원후문,126.962579,37.546794,102000142,일반차로,2025-03-18 13:49:48.414225
1747,03237,한겨레신문사입구,126.9591928852,37.5458806239,102000143,일반차로,2025-03-18 13:49:48.450558
1748,03238,대한노인회,126.957683,37.5438,102000144,일반차로,2025-03-18 13:49:48.478086
1749,03239,효창운동장.효창동주민센터,126.9617671315,37.5422095196,102000145,일반차로,2025-03-18 13:49:48.504614
1750,03240,효창동주민센터.금양초등학교,126.9622336676,37.5416239572,102000146,일반차로,2025-03-18 13:49:48.528930
1751,03241,금양초등학교,126.962009,37.541299,102000147,일반차로,2025-03-18 13:49:48.560800
1752,03242,효창공원역,126.9610378658,37.5387860159,102000148,일반차로,2025-03-18 13:49:48.592817
1753,03243,도원삼성래미안아파트,126.9574338661,37.539776803,102000149,일반차로,2025-03-18 13:49:48.608780
1754,03244,도원삼성래미안아파트,126.9572103137,37.5396254142,102000150,일반차로,2025-03-18 13:49:48.650784
1755,03245,중앙하이츠빌라앞,126.960035,37.538013,102000151,일반차로,2025-03-18 13:49:48.688860
1756,03246,중앙하이츠빌라앞,126.959878,37.537972,102000152,일반차로,2025-03-18 13:49:48.721787
1757,03247,용문시장,126.960969,37.536348,102000153,일반차로,2025-03-18 13:49:48.749637
1758,03248,용문시장,126.9613595571,37.5359792047,102000154,일반차로,2025-03-18 13:49:48.775433
1759,03249,용산전자상가입구,126.9622225151,37.5345701678,102000155,일반차로,2025-03-18 13:49:48.803642
1760,03250,용산전자상가입구,126.961938,37.534658,102000156,일반차로,2025-03-18 13:49:48.837616
1761,03251,신용산.지하차도,126.963667,37.532835,102000157,일반차로,2025-03-18 13:49:48.866431
1762,03252,신용산.지하차도,126.9638381932,37.5325504129,102000158,일반차로,2025-03-18 13:49:48.901442
1763,03253,신용산역,126.9676784797,37.5300338589,102000159,일반차로,2025-03-18 13:49:48.931403
1764,03255,용산역,126.965822,37.528869,102000161,일반차로,2025-03-18 13:49:48.960402
1765,03256,용산푸르지오써밋,126.964759,37.527574,102000162,일반차로,2025-03-18 13:49:48.988434
1766,03257,용산푸르지오써밋,126.964573,37.527237,102000163,일반차로,2025-03-18 13:49:49.017399
1767,03258,용산역광장앞,126.9655853263,37.5282680291,102000164,일반차로,2025-03-18 13:49:49.051729
1768,03259,용산역사박물관.용산철도고등학교,126.9660149714,37.5255972846,102000165,일반차로,2025-03-18 13:49:49.078425
1769,03260,용산역사박물관.용산철도고등학교,126.967123,37.525305,102000166,일반차로,2025-03-18 13:49:49.109599
1770,03261,용산세무서,126.969243,37.523735,102000167,일반차로,2025-03-18 13:49:49.139118
1771,03262,용산세무서,126.970154424,37.5236213922,102000168,일반차로,2025-03-18 13:49:49.169499
1772,03263,이촌역,126.9739086458,37.5226689183,102000169,일반차로,2025-03-18 13:49:49.200675
1773,03264,이촌역,126.974028,37.522364,102000170,일반차로,2025-03-18 13:49:49.229494
1774,03265,국립중앙박물관용산가족공원,126.97865,37.520898,102000171,일반차로,2025-03-18 13:49:49.269412
1775,03266,국립중앙박물관용산가족공원,126.979955,37.520873,102000172,일반차로,2025-03-18 13:49:49.309351
1776,03267,서빙고역교차로,126.9899,37.520427,102000173,일반차로,2025-03-18 13:49:49.335490
1777,03268,서빙고초등학교,126.9908893645,37.5211711184,102000174,일반차로,2025-03-18 13:49:49.361533
1778,03269,한강중학교,126.991363,37.525117,102000175,일반차로,2025-03-18 13:49:49.401234
1779,03270,금호베스트빌앞,126.990717,37.522638,102000176,일반차로,2025-03-18 13:49:49.439021
1780,03272,서빙고동,126.9934202794,37.5198043185,102000178,일반차로,2025-03-18 13:49:49.476474
1781,03273,서빙고동주민센터,126.994885,37.520382,102000179,일반차로,2025-03-18 13:49:49.500919
1782,03274,동빙고동,126.996692,37.520817,102000180,일반차로,2025-03-18 13:49:49.529076
1783,03275,동빙고동,126.997038,37.521265,102000181,일반차로,2025-03-18 13:49:49.556497
1784,03276,보광신동아아파트삼성리버빌아파트,127.0020297105,37.5247380028,102000182,일반차로,2025-03-18 13:49:49.578460
1785,03277,보광동신동아아파트,127.0015149467,37.5256237907,102000183,일반차로,2025-03-18 13:49:49.596420
1786,03278,보광동주민센터,127.0005046107,37.5264591178,102000184,일반차로,2025-03-18 13:49:49.628649
1787,03279,기업은행보광동지점,126.999303,37.528008,102000185,일반차로,2025-03-18 13:49:49.672268
1788,03280,기업은행보광동지점,126.9988968458,37.5281820141,102000186,일반차로,2025-03-18 13:49:49.712471
1789,03281,한국폴리텍1대학,126.996792,37.530195,102000187,일반차로,2025-03-18 13:49:49.737159
1790,03282,한국폴리텍1대학,126.996572,37.530532,102000188,일반차로,2025-03-18 13:49:49.762692
1791,03283,이태원역.보광동입구,126.994165,37.533478,102000189,일반차로,2025-03-18 13:49:49.795563
1792,03284,이태원역.보광동입구,126.994222,37.53382,102000190,일반차로,2025-03-18 13:49:49.829104
1793,03285,한남역.용산노인종합복지관,127.006795706,37.5312239311,102000191,일반차로,2025-03-18 13:49:49.852816
1794,03286,한남역.용산노인종합복지관,127.007769858,37.5306687947,102000192,일반차로,2025-03-18 13:49:49.882810
1795,03287,이촌119안전센터.성촌공원,126.952943,37.530082,102000193,일반차로,2025-03-18 13:49:49.913239
1796,03288,성촌공원.포르쉐센터용산,126.9546065451,37.5301710306,102000194,일반차로,2025-03-18 13:49:49.945742
1797,03289,성촌공원.포르쉐센터용산,126.954351091,37.529747416,102000195,일반차로,2025-03-18 13:49:49.971998
1798,03290,이촌2동주민센터,126.9550639882,37.5277364382,102000196,일반차로,2025-03-18 13:49:49.996558
1799,03291,이촌2동주민센터,126.954862,37.527703,102000197,일반차로,2025-03-18 13:49:50.028645
1800,03292,이촌2동대림아파트.새남터성지,126.9563230524,37.5261753068,102000198,일반차로,2025-03-18 13:49:50.063000
1801,03293,이촌2동대림아파트.새남터성지,126.9561658719,37.5260292706,102000199,일반차로,2025-03-18 13:49:50.093205
1802,03294,서부이촌동입구,126.959497,37.523863,102000200,일반차로,2025-03-18 13:49:50.113120
1803,03295,이촌2동강변아파트,126.9597809746,37.5234462055,102000201,일반차로,2025-03-18 13:49:50.144410
1804,03296,원효2동산호아파트후문,126.950016,37.53226,102000202,일반차로,2025-03-18 13:49:50.183699
1805,03297,청암동강변삼성아파트,126.9482434807,37.5346144292,102000203,일반차로,2025-03-18 13:49:50.212099
1806,03298,청암동강변삼성아파트,126.9493177472,37.5339679073,102000204,일반차로,2025-03-18 13:49:50.246000
1807,03299,원효2동산호아파트,126.9505415559,37.5330177683,102000205,일반차로,2025-03-18 13:49:50.275949
1808,03300,원효2동산호아파트,126.9508277689,37.5331088986,102000206,일반차로,2025-03-18 13:49:50.300686
1809,03301,원효로풍전아파트,126.9535225314,37.5321286462,102000207,일반차로,2025-03-18 13:49:50.329316
1810,03302,원효로풍전아파트,126.9545135613,37.5323687724,102000208,일반차로,2025-03-18 13:49:50.353528
1811,03303,원효풍전아파트,126.955917,37.532743,102000209,일반차로,2025-03-18 13:49:50.388422
1812,03304,원효2동주민센터,126.951395,37.534494,102000210,일반차로,2025-03-18 13:49:50.421112
1813,03305,산천동리버힐삼성아파트,126.9511923413,37.5345003443,102000211,일반차로,2025-03-18 13:49:50.453811
1814,03306,산천동,126.953643,37.535322,102000212,일반차로,2025-03-18 13:49:50.478797
1815,03307,산천동,126.953382,37.535408,102000213,일반차로,2025-03-18 13:49:50.512508
1816,03308,신창동세방아파트,126.954955,37.535708,102000214,일반차로,2025-03-18 13:49:50.545607
1817,03309,신창동세방아파트,126.9549471079,37.5358300537,102000215,일반차로,2025-03-18 13:49:50.572288
1818,03310,남이장군사당,126.9578221125,37.5366080232,102000216,일반차로,2025-03-18 13:49:50.604524
1819,03311,남이장군사당,126.9577034507,37.5368238567,102000217,일반차로,2025-03-18 13:49:50.638411
1820,03312,새마을금고,126.9595337638,37.5370716239,102000218,일반차로,2025-03-18 13:49:50.670703
1821,03313,새마을금고,126.959197,37.537149,102000219,일반차로,2025-03-18 13:49:50.697025
1822,03319,순천향병원입구,127.0067505734,37.5326305473,102000225,일반차로,2025-03-18 13:49:50.728956
1823,03320,남산서울타워,126.991197,37.551016,102000226,일반차로,2025-03-18 13:49:50.753960
1824,03321,청심경로당,126.950688,37.533887,102000227,일반차로,2025-03-18 13:49:50.776687
1825,03322,삼성테마트,126.9503849242,37.5337466904,102000228,일반차로,2025-03-18 13:49:50.811946
1826,03323,서빙고동금호베스트빌,126.9909910111,37.5226137862,102000229,일반차로,2025-03-18 13:49:50.853867
1827,03324,한남동하이페리온,127.0055474264,37.5278439771,102000230,일반차로,2025-03-18 13:49:50.886644
1828,03325,서빙고역1번출구,126.989482,37.520036,102000231,일반차로,2025-03-18 13:49:50.911668
1829,03326,문배동이안아파트앞,126.971060418,37.5388699959,102000232,일반차로,2025-03-18 13:49:50.944342
1830,03327,갈월동4호선숙대입구,126.971658,37.546385,102000233,일반차로,2025-03-18 13:49:50.961752
1831,03328,삼각지역11번출구,126.974548,37.536204,102000234,일반차로,2025-03-18 13:49:51.002384
1832,03330,숙대입구,126.9705229419,37.5445305498,102000236,일반차로,2025-03-18 13:49:51.045349
1833,03331,원효대교북단,126.955607,37.532135,102000237,일반차로,2025-03-18 13:49:51.079953
1834,03332,문배동이안아파트앞,126.970803,37.538363,102000238,일반차로,2025-03-18 13:49:51.102946
1835,03334,순천향병원입구,127.0069961164,37.532694511,102000240,일반차로,2025-03-18 13:49:51.138257
1836,03335,숙명여대입구,126.9696434774,37.5448844577,102000241,일반차로,2025-03-18 13:49:51.169474
1837,03336,서빙고초등학교,126.9906099662,37.5208412941,102000243,일반차로,2025-03-18 13:49:51.185319
1838,03338,한강대교전망카페,126.9608161519,37.5213307725,102000245,일반차로,2025-03-18 13:49:51.217421
1839,03339,한강대교전망카페,126.961342,37.521235,102000246,일반차로,2025-03-18 13:49:51.271820
1840,03340,노들섬,126.95861,37.517515,102000247,일반차로,2025-03-18 13:49:51.303963
1841,03341,노들섬,126.959037665,37.5173638437,102000248,일반차로,2025-03-18 13:49:51.335772
1842,03342,용암초등학교.이태원2동주민센터,126.990733,37.544673,102000249,일반차로,2025-03-18 13:49:51.362559
1843,03343,용암초등학교.이태원2동주민센터,126.9909320571,37.5448496669,102000250,일반차로,2025-03-18 13:49:51.395340
1844,03344,효창공원삼거리.윤봉길의사등묘역,126.9638368968,37.5446070869,102000266,일반차로,2025-03-18 13:49:51.423103
1845,03345,서울역공항철도15번출구.국립극단,126.9688467509,37.5530779085,102000286,일반차로,2025-03-18 13:49:51.462535
1846,03346,용산꿈나무종합타운,126.9672402984,37.538486933,102000297,일반차로,2025-03-18 13:49:51.478050
1847,03347,남산도서관,126.9818461928,37.552343667,102000316,일반차로,2025-03-18 13:49:51.512542
1848,03500,하얏트호텔,126.9969932623,37.5406603781,102900010,마을버스,2025-03-18 13:49:51.537505
1849,03501,한신아파트,126.9866957386,37.5389827262,102900065,마을버스,2025-03-18 13:49:51.571364
1850,03502,순천향병원,127.003953,37.533377,102900009,마을버스,2025-03-18 13:49:51.598092
1851,03503,용암경로당입구,126.987047,37.541035,102900066,마을버스,2025-03-18 13:49:51.620371
1852,03504,한남오거리,127.0066566991,37.5330901125,102900083,마을버스,2025-03-18 13:49:51.654369
1853,03505,가야랑앞,126.9936040739,37.5401952774,102900079,마을버스,2025-03-18 13:49:51.670552
1854,03506,용암한신아파트,126.987563,37.542602,102900008,마을버스,2025-03-18 13:49:51.701575
1855,03508,효창공원후문,126.9608920893,37.5470688427,102900070,마을버스,2025-03-18 13:49:51.733722
1856,03509,디지텍고등학교앞,126.9916260429,37.5398031767,102900007,마을버스,2025-03-18 13:49:51.765692
1857,03510,우리들가정의원,126.9877949646,37.5432315144,102900006,마을버스,2025-03-18 13:49:51.797965
1858,03511,도원삼성래미안아파트101동앞,126.956232,37.53907,102900097,마을버스,2025-03-18 13:49:51.828441
1859,03512,성도약국,126.9895541036,37.5394506828,102900080,마을버스,2025-03-18 13:49:51.856463
1860,03513,남산교회입구,126.9866471968,37.5446713415,102900005,마을버스,2025-03-18 13:49:51.886437
1861,03515,신애교회,126.9584869002,37.5455190385,102900003,마을버스,2025-03-18 13:49:51.911476
1862,03516,시장,126.98876,37.539016,102900002,마을버스,2025-03-18 13:49:51.943383
1863,03517,해방촌오거리,126.9851474983,37.54572995,102900001,마을버스,2025-03-18 13:49:51.970751
1864,03518,보광동주민센터,127.0000973012,37.5261473387,102900085,마을버스,2025-03-18 13:49:52.000914
1865,03519,대한노인회중앙회,126.957635,37.544035,102900035,마을버스,2025-03-18 13:49:52.028463
1866,03520,도원삼성래미안아파트101동앞,126.956297,37.539022,102900096,마을버스,2025-03-18 13:49:52.067271
1867,03521,신흥교회앞,126.982858,37.544864,102900034,마을버스,2025-03-18 13:49:52.095178
1868,03522,군인아파트,126.996318,37.526004,102900033,마을버스,2025-03-18 13:49:52.145455
1869,03523,원효사.백범김구기념관,126.9585663043,37.5431401733,102900032,마을버스,2025-03-18 13:49:52.182117
1870,03524,녹사평역,126.98586,37.535021,102900064,마을버스,2025-03-18 13:49:52.216614
1871,03525,큰빛의집앞,126.9819982464,37.5445481753,102900031,마을버스,2025-03-18 13:49:52.244905
1872,03526,몬드리안서울이태원,126.9926263697,37.5285305142,102900075,마을버스,2025-03-18 13:49:52.269883
1873,03527,도원삼성래미안아파트,126.957686,37.539689,102900098,마을버스,2025-03-18 13:49:52.305183
1874,03529,후암동종점,126.9813662289,37.5467007949,102900063,마을버스,2025-03-18 13:49:52.328263
1875,03530,용산구청,126.9914494622,37.5303191147,102900076,마을버스,2025-03-18 13:49:52.359170
1876,03532,용산고등학교,126.9795092308,37.5461364014,102900030,마을버스,2025-03-18 13:49:52.395035
1877,03533,외빈차고,126.9921711943,37.531729383,102900077,마을버스,2025-03-18 13:49:52.426775
1878,03534,효창공원앞역.이봉창역사울림관,126.9614323385,37.5396710223,102900029,마을버스,2025-03-18 13:49:52.458771
1879,03536,갈월동사회복지회관,126.9740851958,37.5453901296,102900028,마을버스,2025-03-18 13:49:52.486840
1880,03537,청화아파트,126.995136,37.531422,102900078,마을버스,2025-03-18 13:49:52.518858
1881,03538,동작대로(가상),126.9829602272,37.5159085841,102000303,가상정류장,2025-03-18 13:49:52.534841
1882,03540,용산경찰서,126.969805735,37.5410233025,102900027,마을버스,2025-03-18 13:49:52.567089
1883,03541,숙대역7번출구,126.972309,37.543486,102900026,마을버스,2025-03-18 13:49:52.611520
1884,03542,보광동삼거리,126.9968250706,37.5307329855,102900025,마을버스,2025-03-18 13:49:52.648850
1885,03543,중앙하이츠빌라,126.9594786383,37.5385683269,102900072,마을버스,2025-03-18 13:49:52.677594
1886,03544,원효우체국,126.967738,37.539285,102900024,마을버스,2025-03-18 13:49:52.717349
1887,03545,보광초등학교,126.9967763907,37.5313430275,102900023,마을버스,2025-03-18 13:49:52.744909
1888,03546,용문동시장.새마을금고,126.9596343248,37.5373482951,102900022,마을버스,2025-03-18 13:49:52.781447
1889,03549,수미용실,126.997906,37.531468,102900021,마을버스,2025-03-18 13:49:52.806171
1890,03550,용문동주민센터,126.9591190202,37.5381473907,102900073,마을버스,2025-03-18 13:49:52.837906
1891,03551,문배어린이공원,126.969723,37.536941,102900020,마을버스,2025-03-18 13:49:52.878676
1892,03552,문배어린이공원,126.9695900372,37.5371431249,102900019,마을버스,2025-03-18 13:49:52.912604
1893,03553,영동김밥,127.0007739346,37.5310357946,102900018,마을버스,2025-03-18 13:49:52.928484
1894,03554,한강대교(가상),126.9606611648,37.5217277175,102000301,가상정류장,2025-03-18 13:49:52.975961
1895,03557,도깨비시장,127.002245989,37.5308546551,102900017,마을버스,2025-03-18 13:49:53.012706
1896,03560,리버힐빌라앞,127.0008836966,37.5317260348,102900016,마을버스,2025-03-18 13:49:53.044275
1897,03561,신용산역,126.9674544999,37.5299166547,102900015,마을버스,2025-03-18 13:49:53.076343
1898,03563,보광교회,126.99918645,37.5322730017,102900013,마을버스,2025-03-18 13:49:53.108381
1899,03564,용산우체국,126.9703153999,37.531376286,102900012,마을버스,2025-03-18 13:49:53.140267
1900,03565,숙대역5번출구,126.9725114972,37.54403813,102900011,마을버스,2025-03-18 13:49:53.172056
1901,03566,이슬람사원,126.9979655399,37.5329884585,102900059,마을버스,2025-03-18 13:49:53.203669
1902,03567,삼각지역,126.973264,37.534513,102900058,마을버스,2025-03-18 13:49:53.235362
1903,03568,갈월동,126.9720930552,37.5463241118,102900068,마을버스,2025-03-18 13:49:53.267435
1904,03569,보광초등학교후문앞,126.9956979823,37.5330902217,102900057,마을버스,2025-03-18 13:49:53.306963
1905,03570,반포대교(가상),126.9940055639,37.5188784955,102000305,가상정류장,2025-03-18 13:49:53.338459
1906,03571,동자경로당,126.9741955461,37.5502867059,102900056,마을버스,2025-03-18 13:49:53.363266
1907,03572,이태원역앞,126.9957001828,37.5341805498,102900055,마을버스,2025-03-18 13:49:53.387364
1908,03573,녹사평역.용산구청,126.987177,37.535133,102900054,마을버스,2025-03-18 13:49:53.412578
1909,03574,후암시장,126.976548,37.550118,102900053,마을버스,2025-03-18 13:49:53.437459
1910,03577,후암동주민센터앞,126.9777057507,37.5483644838,102900051,마을버스,2025-03-18 13:49:53.469391
1911,03578,제일기획,126.9984396046,37.5348708584,102900084,마을버스,2025-03-18 13:49:53.501815
1912,03579,대성교회,126.988712,37.538891,102900081,마을버스,2025-03-18 13:49:53.535851
1913,03580,용산고,126.9789524928,37.5459083263,102900050,마을버스,2025-03-18 13:49:53.562407
1914,03581,성도약국,126.9894307824,37.5392776612,102900049,마을버스,2025-03-18 13:49:53.585492
1915,03582,후암동종점,126.9813594882,37.5465016517,102900048,마을버스,2025-03-18 13:49:53.625514
1916,03583,디지텍고등학교앞,126.991572,37.539731,102900047,마을버스,2025-03-18 13:49:53.644523
1917,03584,큰빛의집앞,126.9819077271,37.5444832826,102900046,마을버스,2025-03-18 13:49:53.683455
1918,03585,가야랑앞,126.9937523252,37.5400889559,102900082,마을버스,2025-03-18 13:49:53.708658
1919,03586,신흥교회앞,126.983387942,37.5446231699,102900045,마을버스,2025-03-18 13:49:53.740867
1920,03588,해방촌오거리,126.9853964787,37.5457029481,102900044,마을버스,2025-03-18 13:49:53.773007
1921,03589,남산교회입구,126.9866223212,37.5445505919,102900043,마을버스,2025-03-18 13:49:53.789245
1922,03590,우리들가정의원,126.9876591627,37.5432423134,102900042,마을버스,2025-03-18 13:49:53.821136
1923,03591,용암한신아파트,126.9874137344,37.5423880484,102900041,마을버스,2025-03-18 13:49:53.876963
1924,03592,용암경로당입구,126.9869601654,37.5410985304,102900040,마을버스,2025-03-18 13:49:53.910528
1925,03593,한신아파트,126.986557682,37.5389881171,102900039,마을버스,2025-03-18 13:49:53.928589
1926,03594,갑을빌딩,126.9720388292,37.5490958683,102900089,마을버스,2025-03-18 13:49:53.963717
1927,03595,리버힐삼성아파트후문,126.9487207623,37.5349462412,102900091,마을버스,2025-03-18 13:49:53.993131
1928,03596,만리시장입구,126.9630412782,37.5515678017,102900038,마을버스,2025-03-18 13:49:54.039520
1929,03597,배문중고등학교,126.9636168092,37.5503749309,102900037,마을버스,2025-03-18 13:49:54.069762
1930,03598,청파초등학교,126.9633754859,37.5485834792,102900036,마을버스,2025-03-18 13:49:54.096735
1931,03648,동부이촌동,126.9726729953,37.520139253,102000263,일반차로,2025-03-18 13:49:54.129394
1932,03649,강촌APT,126.976196,37.5191,102000262,일반차로,2025-03-18 13:49:54.162554
1933,03680,남산그랜드하얏트호텔,126.9973678608,37.5398259716,102000272,일반차로,2025-03-18 13:49:54.190516
1934,03688,청파초등학교,126.9635056923,37.5484699816,102900062,마을버스,2025-03-18 13:49:54.218581
1935,03689,청암자이아파트,126.947027,37.534535,102000271,일반차로,2025-03-18 13:49:54.245990
1936,03699,배문중고교,126.963728852,37.550381273,102900061,마을버스,2025-03-18 13:49:54.276775
1937,03700,만리시장입구,126.9631453007,37.5517759871,102900060,마을버스,2025-03-18 13:49:54.311908
1938,03709,청암자이아파트,126.948603174,37.5348119266,102900090,마을버스,2025-03-18 13:49:54.339635
1939,03710,신동아APT,126.9853623627,37.5175986035,102000273,일반차로,2025-03-18 13:49:54.363926
1940,03728,신동아APT,126.9853034727,37.5179220911,102000257,일반차로,2025-03-18 13:49:54.388453
1941,03729,강촌APT,126.9773129069,37.5189057287,102000256,일반차로,2025-03-18 13:49:54.414906
1942,03730,동부이촌동,126.9718175157,37.5206779095,102000255,일반차로,2025-03-18 13:49:54.442815
1943,03732,이촌동두산위브트레지움,126.9659919434,37.521493673,102000274,일반차로,2025-03-18 13:49:54.475829
1944,03733,이촌동두산위브트레지움,126.9675735406,37.5215283595,102000275,일반차로,2025-03-18 13:49:54.503119
1945,03734,이촌현대아파트.금강병원,126.9810408412,37.5177187363,102000276,일반차로,2025-03-18 13:49:54.519055
1946,03735,이촌현대아파트.금강병원,126.978747,37.51851,102000277,일반차로,2025-03-18 13:49:54.567072
1947,03736,한남역,127.0067323413,37.5312068138,102000278,일반차로,2025-03-18 13:49:54.603210
1948,03737,도원삼성래미안아파트단지내,126.9553881353,37.5381983039,102900092,마을버스,2025-03-18 13:49:54.629259
1949,03742,한남동주민센터,127.000606,37.534115,102900086,마을버스,2025-03-18 13:49:54.665538
1950,03743,용산CJ나인파크,126.969554,37.535873,102900088,마을버스,2025-03-18 13:49:54.703125
1951,03744,용산e편한세상,126.9672466378,37.5343418882,102900087,마을버스,2025-03-18 13:49:54.728309
1952,03748,이집트대사관.한남더힐아파트,127.011276,37.535259,102000282,일반차로,2025-03-18 13:49:54.760017
1953,03749,이집트대사관.한남더힐아파트,127.0114310392,37.5362408844,102000281,일반차로,2025-03-18 13:49:54.788193
1954,03750,한남역,127.0077438254,37.5305849943,102000283,일반차로,2025-03-18 13:49:54.821065
1955,03751,한남동,127.008572,37.533755,102000285,일반차로,2025-03-18 13:49:54.847537
1956,03752,한남동,127.0085656637,37.533963153,102000284,일반차로,2025-03-18 13:49:54.879065
1957,03753,필리핀대사관,126.995093255,37.5406999627,102900095,마을버스,2025-03-18 13:49:54.912669
1958,03754,필리핀대사관,126.9951600296,37.5405702075,102900094,마을버스,2025-03-18 13:49:54.945789
1959,03900,전쟁기념관,126.9734851953,37.5384014653,102000310,일반차로,2025-03-18 13:49:54.979270
1960,03901,용산역,126.9658972377,37.5290767593,102000311,일반차로,2025-03-18 13:49:55.004536
1961,03902,국립중앙박물관,126.9785496415,37.5208476177,102000312,일반차로,2025-03-18 13:49:55.037585
1962,03903,이태원,126.9904416929,37.5343385918,102000313,일반차로,2025-03-18 13:49:55.072136
1963,03904,남산서울타워,126.9909861872,37.5511419911,101000323,일반차로,2025-03-18 13:49:55.106686
1964,03905,하얏트호텔,126.9972013482,37.5408918783,102000314,일반차로,2025-03-18 13:49:55.129557
1965,03906,힐튼호텔,126.9772255151,37.5547770692,101000327,일반차로,2025-03-18 13:49:55.155110
1966,03907,남산도서관,126.9815510765,37.5520885865,102000315,일반차로,2025-03-18 13:49:55.179488
1967,04001,답십리역사거리,127.0543961703,37.5654496127,103000001,중앙차로,2025-03-18 13:49:55.212987
1968,04002,청년회의소.서울새활용플라자,127.060482,37.562035,103000002,중앙차로,2025-03-18 13:49:55.238362
1969,04003,장한평역,127.066093,37.561188,103000003,중앙차로,2025-03-18 13:49:55.270709
1970,04101,상왕십리역,127.029075,37.564338,103000004,일반차로,2025-03-18 13:49:55.295435
1971,04102,상왕십리역,127.0286812869,37.5646936321,103000005,가로변전일,2025-03-18 13:49:55.329512
1972,04103,왕십리센트라스아파트,127.024807,37.565215,103000006,가로변시간,2025-03-18 13:49:55.354627
1973,04104,왕십리교회,127.023678,37.56663,103000007,일반차로,2025-03-18 13:49:55.395026
1974,04105,뉴타운아파트,127.026968,37.564877,103000509,일반차로,2025-03-18 13:49:55.420806
1975,04106,청계벽산아파트.텐즈힐아파트,127.030377,37.568863,103000008,일반차로,2025-03-18 13:49:55.455818
1976,04107,청계벽산아파트.텐즈힐아파트,127.03004,37.567955,103000009,일반차로,2025-03-18 13:49:55.480246
1977,04108,왕십리도선동주민센터,127.024642,37.567617,103000010,일반차로,2025-03-18 13:49:55.512664
1978,04109,왕십리2동주민센터,127.0332625935,37.56244961,103000011,가로변시간,2025-03-18 13:49:55.537291
1979,04110,코스모타워.서울신용보증재단성동지점,127.032902865,37.5629822568,103000012,일반차로,2025-03-18 13:49:55.562375
1980,04112,성동구청,127.035915,37.563127,103000014,가로변시간,2025-03-18 13:49:55.587910
1981,04113,상왕십리역,127.0302446401,37.5648716583,103000015,일반차로,2025-03-18 13:49:55.613365
1982,04114,상왕십리역.센트라스아파트,127.029978,37.565859,103000016,일반차로,2025-03-18 13:49:55.637177
1983,04115,신금호역4번출구,127.02053,37.554143,103000515,일반차로,2025-03-18 13:49:55.666679
1984,04116,마장동주민센터,127.04457376,37.5673234964,103000017,일반차로,2025-03-18 13:49:55.704134
1985,04117,마장역,127.0423251779,37.5655825128,103000018,일반차로,2025-03-18 13:49:55.729591
1986,04118,성동노인복지관,127.0415861333,37.5649375925,103000019,일반차로,2025-03-18 13:49:55.754491
1987,04119,마장축산물시장,127.0380207293,37.5709505267,103000020,가로변전일,2025-03-18 13:49:55.786628
1988,04120,마장축산물시장,127.0375113528,37.5702590064,103000021,가로변전일,2025-03-18 13:49:55.821831
1989,04121,도선사거리,127.036955,37.567023,103000022,일반차로,2025-03-18 13:49:55.846748
1990,04122,도선사거리,127.036487,37.566648,103000023,일반차로,2025-03-18 13:49:55.887486
1991,04123,마장동금호아파트,127.041859032,37.5630713327,103000024,일반차로,2025-03-18 13:49:55.921895
1992,04124,마장동금호아파트,127.0415811922,37.5621577226,103000025,일반차로,2025-03-18 13:49:55.955253
1993,04125,한양대부속고등학교,127.041413,37.560925,103000026,일반차로,2025-03-18 13:49:55.988422
1994,04126,한양대부속고등학교,127.0411546041,37.5603881249,103000027,일반차로,2025-03-18 13:49:56.020854
1995,04127,한양대앞.한양시장,127.0409668475,37.5585823987,103000028,일반차로,2025-03-18 13:49:56.046018
1996,04128,한양대앞,127.040647,37.558525,103000029,일반차로,2025-03-18 13:49:56.071370
1997,04129,한양대정문,127.0431286432,37.5563883665,103000030,일반차로,2025-03-18 13:49:56.095497
1998,04130,한양대정문앞,127.043138,37.556996,103000031,가로변전일,2025-03-18 13:49:56.130326
1999,04131,무학여고앞,127.034232,37.557855,103000032,일반차로,2025-03-18 13:49:56.162453
2000,04132,무학여고,127.0338672615,37.5578953118,103000033,일반차로,2025-03-18 13:49:56.188406
