0015e143-9eb0-4b69-a328-2ce7e844f5b6,1,2025-03-17 04:52:24,2025-03-31 03:55:56
051199a5-0d17-49d9-855c-61bc99e20474,1,2025-04-04 00:36:31,2025-04-04 00:36:39
0aa40c2e-95d0-4c52-9015-5587c18caf14,1,2025-04-08 04:28:42,2025-04-08 04:29:33
0ff90ae4-3498-48ad-9720-270b9fadeb7c,1,2025-03-31 03:12:41,2025-03-31 03:12:41
19921a2f-a386-4767-8526-fc11e537ca85,1,2025-04-04 04:14:58,2025-04-04 04:15:41
1a13e152-1685-42c5-8a6c-4b4eff0f7cf1,1,2025-03-31 01:42:18,2025-03-31 01:42:18
1a2afe6b-138b-402d-9878-45f708664e14,1,2025-04-08 04:08:14,2025-04-08 04:09:22
20c99c75-0ce4-4a91-a42b-039a47062dfb,1,2025-03-31 02:11:42,2025-03-31 02:11:42
2b51dce5-2f1d-4326-a27e-53b7527756e4,19,2025-03-31 07:28:12,2025-03-31 07:28:12
2b8c2b75-be9d-40dd-9574-06c74ed76eec,19,2025-04-04 00:36:46,2025-04-04 00:36:46
2cba5b33-cfd0-4558-b297-084940d599b5,19,2025-03-31 07:55:27,2025-03-31 07:56:52
2d4d4585-b48c-4ab2-b0a4-e2083650cd39,27,2025-04-08 03:26:18,2025-04-08 03:26:18
2ef534e0-c6d6-4458-9172-7eb59212882e,19,2025-03-31 08:36:54,2025-03-31 08:36:54
32d0b98f-f505-4660-a716-1fd551677271,1,2025-03-17 04:52:05,2025-03-17 04:52:05
387e2333-a001-4408-ad82-a16ec847c42d,1,2025-03-31 04:34:51,2025-03-31 04:34:51
394029ee-0f3c-4056-b525-383fcdec848f,1,2025-03-13 06:41:17,2025-03-13 06:41:17
39b87cbe-75de-4819-a9d5-67e26d9d89a7,19,2025-04-07 04:27:54,2025-04-07 08:55:16
3e4a889a-bc64-4f4c-8d0b-4a7ff27cd192,27,2025-04-02 00:36:21,2025-04-02 00:36:21
498bf14a-eb2c-4d27-aea8-2bc1031b941e,1,2025-03-31 00:08:06,2025-03-31 00:08:06
4f9ec8f1-2321-4691-8cc3-9432ca305b92,19,2025-04-02 08:27:50,2025-04-02 08:28:17
52b98ba0-4bb3-432d-9373-443fa737016a,19,2025-03-31 07:29:48,2025-03-31 07:31:05
54f6ab22-9b7c-4564-bc07-0a429afdeba3,1,2025-03-31 02:18:46,2025-03-31 02:18:46
5832e9b1-d359-4f33-9926-88d2e7de0dc8,19,2025-04-07 08:55:40,2025-04-07 08:55:59
5f6cef70-e87b-4f76-b4eb-68195ef2948c,1,2025-04-08 02:37:52,2025-04-08 02:40:37
6bd0f5ce-71b2-444f-a2c9-3bdd5e2570f3,1,2025-03-31 03:12:03,2025-03-31 03:12:03
6eb1be99-9758-4ac0-8632-ca04d15f8657,1,2025-03-31 01:24:42,2025-03-31 01:24:42
72fe0e49-28c7-48f4-ac01-9d4c67b3db2b,1,2025-03-31 03:15:09,2025-03-31 03:15:09
736a793a-9917-4562-9078-e23b63788a1d,30,2025-03-31 06:07:01,2025-03-31 06:07:01
768c171a-cf2a-4d93-a8dd-b3f10ff51bed,1,2025-03-27 03:41:56,2025-03-27 03:41:56
771534e3-4f9a-4389-9256-e9b793d9ad1f,1,2025-03-31 00:07:46,2025-03-31 00:07:46
7af0276e-4c7d-4914-af24-3e9182eb3d8d,1,2025-03-31 01:37:38,2025-03-31 01:37:38
7b5e76b2-ac63-47d8-970e-30b3e7932367,19,2025-03-31 08:07:58,2025-03-31 08:16:09
7f40deb8-158d-475e-9b16-830d0943bdb2,1,2025-03-31 01:35:05,2025-03-31 01:35:05
810c6870-0500-4897-9a53-dd11eaae00a3,1,2025-03-31 02:17:36,2025-03-31 02:17:36
8f1f9543-e9f8-411e-b4ab-bc2cd6efb11a,1,2025-03-25 03:28:25,2025-03-25 03:28:25
90b9753b-5af7-4354-b8b5-5debb7c21697,1,2025-03-31 03:12:56,2025-03-31 03:12:56
95345a17-3e0c-4215-81ba-d75a127a6985,1,2025-04-08 03:43:35,2025-04-08 03:54:53
9c755a2c-cdec-4670-afc6-84519f617176,30,2025-03-31 06:07:16,2025-03-31 06:07:16
9cfd98c5-43a4-4e63-bcbd-4825b4c75f70,1,2025-04-07 04:27:54,2025-04-07 04:28:11
ac5a6a38-37fb-4ca0-89eb-2d8a91e669bb,19,2025-04-02 00:49:27,2025-04-02 00:49:38
bbdf6de6-f51f-495b-a77f-524d167e4f50,1,2025-03-31 01:36:54,2025-03-31 01:36:54
c03a5104-6ce2-4262-9ee8-cdc451e8345e,1,2025-04-08 03:52:34,2025-04-08 03:52:34
c1cf6dbc-5214-44d5-9860-31ce5c924c66,1,2025-03-31 02:15:21,2025-03-31 02:15:21
c3d8424d-19d2-425e-99f9-d6bd8b6ddf73,27,2025-04-02 00:43:53,2025-04-02 00:43:53
c5df145b-d5e3-4651-98af-273b1792319a,19,2025-03-31 08:19:56,2025-03-31 08:19:56
c6f8d20f-9e63-4bee-88bc-4096620863f1,1,2025-03-31 01:20:02,2025-03-31 01:20:02
ca97481a-8d9f-4c13-ba53-b2fa540a30ef,28,2025-03-31 07:17:36,2025-03-31 07:17:36
da1d3dc7-4210-4e94-a663-804a1bf4643b,19,2025-03-31 07:26:32,2025-03-31 07:27:06
df49aa02-397a-4e0b-ad29-236a0c1bfac7,1,2025-03-25 03:37:25,2025-03-25 03:37:25
e5cc9744-dedb-4c5f-9009-dd502048174f,1,2025-03-31 02:17:57,2025-03-31 02:17:57
e77e6085-c4b9-4fa7-b13f-3531815d16aa,1,2025-04-08 02:24:29,2025-04-08 02:24:29
ef502a5b-da9c-4dcc-909e-3695ca6ff3fe,1,2025-04-02 05:21:22,2025-04-02 05:21:22
f1af89ba-6a05-41ab-92b0-b8b31d344473,1,2025-03-13 06:42:33,2025-03-13 06:42:33
f592aff6-fd3c-433d-b681-853e2d27bc7f,1,2025-03-31 01:14:00,2025-03-31 01:14:00
f65ea85a-c00f-4a86-9abc-33fe5b33b482,28,2025-03-31 07:16:37,2025-03-31 07:16:37
fb74e3ad-0dac-4ee2-89e4-085f3ee0d4b1,1,2025-04-08 02:26:51,2025-04-08 02:37:35
fd894280-d48d-4291-8ace-18bf13d6ec69,1,2025-03-31 01:15:51,2025-03-31 01:15:51
