1,0150,서울역,1호선,37.5562,126.972,2025-03-18 13:33:58
2,0151,시청,1호선,37.5657,126.977,2025-03-18 13:33:58
3,0152,종각,1호선,37.5702,126.983,2025-03-18 13:33:58
4,0153,종로3가,1호선,37.5704,126.992,2025-03-18 13:33:58
5,0154,종로5가,1호선,37.5709,127.002,2025-03-18 13:33:58
6,0155,동대문,1호선,37.5717,127.011,2025-03-18 13:33:59
7,0156,신설동,1호선,37.576,127.025,2025-03-18 13:33:59
8,0157,제기동,1호선,37.5781,127.035,2025-03-18 13:33:59
9,0158,청량리(서울시립대입구),1호선,37.58,127.045,2025-03-18 13:33:59
10,0159,동묘앞,1호선,37.5732,127.016,2025-03-18 13:33:59
11,0201,시청,2호선,37.5636,126.975,2025-03-18 13:33:59
12,0202,을지로입구,2호선,37.566,126.983,2025-03-18 13:33:59
13,0203,을지로3가,2호선,37.5663,126.992,2025-03-18 13:33:59
14,0204,을지로4가,2호선,37.5666,126.998,2025-03-18 13:33:59
15,0205,동대문역사문화공원,2호선,37.5656,127.009,2025-03-18 13:33:59
16,0206,신당,2호선,37.5656,127.02,2025-03-18 13:33:59
17,0207,상왕십리,2호선,37.5644,127.029,2025-03-18 13:33:59
18,0208,왕십리(성동구청),2호선,37.5612,127.037,2025-03-18 13:33:59
19,0209,한양대,2호선,37.5553,127.044,2025-03-18 13:33:59
20,0210,뚝섬,2호선,37.5472,127.047,2025-03-18 13:33:59
21,0211,성수,2호선,37.5446,127.056,2025-03-18 13:33:59
22,0212,건대입구,2호선,37.5404,127.069,2025-03-18 13:33:59
23,0213,구의(광진구청),2호선,37.5371,127.086,2025-03-18 13:33:59
24,0214,강변(동서울터미널),2호선,37.5351,127.095,2025-03-18 13:33:59
25,0215,잠실나루,2호선,37.5207,127.104,2025-03-18 13:33:59
26,0216,잠실(송파구청),2호선,37.5133,127.1,2025-03-18 13:33:59
27,0217,잠실새내,2호선,37.5117,127.086,2025-03-18 13:33:59
28,0218,종합운동장,2호선,37.511,127.074,2025-03-18 13:34:00
29,0219,삼성(무역센터),2호선,37.5088,127.063,2025-03-18 13:34:00
30,0220,선릉,2호선,37.5043,127.048,2025-03-18 13:34:00
31,0221,역삼,2호선,37.5006,127.036,2025-03-18 13:34:00
32,0222,강남,2호선,37.498,127.028,2025-03-18 13:34:00
33,0223,교대(법원.검찰청),2호선,37.494,127.015,2025-03-18 13:34:00
34,0224,서초,2호선,37.4919,127.008,2025-03-18 13:34:00
35,0225,방배,2호선,37.4814,126.998,2025-03-18 13:34:00
36,0226,사당,2호선,37.4765,126.982,2025-03-18 13:34:00
37,0227,낙성대,2호선,37.4769,126.964,2025-03-18 13:34:00
38,0228,서울대입구(관악구청),2호선,37.4812,126.953,2025-03-18 13:34:00
39,0229,봉천,2호선,37.4824,126.942,2025-03-18 13:34:00
40,0230,신림,2호선,37.4842,126.93,2025-03-18 13:34:00
41,0231,신대방,2호선,37.4875,126.913,2025-03-18 13:34:00
42,0232,구로디지털단지,2호선,37.4853,126.901,2025-03-18 13:34:00
43,0233,대림(구로구청),2호선,37.4932,126.895,2025-03-18 13:34:00
44,0234,신도림,2호선,37.509,126.891,2025-03-18 13:34:00
45,0235,문래,2호선,37.5179,126.895,2025-03-18 13:34:00
46,0236,영등포구청,2호선,37.5257,126.897,2025-03-18 13:34:00
47,0237,당산,2호선,37.5349,126.903,2025-03-18 13:34:00
48,0238,합정,2호선,37.5495,126.914,2025-03-18 13:34:00
49,0239,홍대입구,2호선,37.5568,126.924,2025-03-18 13:34:00
50,0240,신촌,2호선,37.5551,126.937,2025-03-18 13:34:01
51,0241,이대,2호선,37.5567,126.946,2025-03-18 13:34:01
52,0242,아현,2호선,37.5573,126.956,2025-03-18 13:34:01
53,0243,충정로(경기대입구),2호선,37.5597,126.964,2025-03-18 13:34:01
54,0244,용답,2호선,37.5619,127.051,2025-03-18 13:34:01
55,0245,신답,2호선,37.57,127.046,2025-03-18 13:34:01
56,0246,신설동,2호선,37.5747,127.025,2025-03-18 13:34:01
57,0247,도림천,2호선,37.5143,126.883,2025-03-18 13:34:01
58,0248,양천구청,2호선,37.5124,126.866,2025-03-18 13:34:01
59,0249,신정네거리,2호선,37.5201,126.853,2025-03-18 13:34:01
60,0250,용두(동대문구청),2호선,37.574,127.038,2025-03-18 13:34:01
61,0309,지축,3호선,37.648,126.914,2025-03-18 13:34:01
62,0310,구파발,3호선,37.6368,126.919,2025-03-18 13:34:01
63,0311,연신내,3호선,37.6192,126.921,2025-03-18 13:34:01
64,0312,불광,3호선,37.6106,126.93,2025-03-18 13:34:01
65,0313,녹번,3호선,37.6009,126.936,2025-03-18 13:34:01
66,0314,홍제,3호선,37.5891,126.944,2025-03-18 13:34:01
67,0315,무악재,3호선,37.5823,126.95,2025-03-18 13:34:01
68,0316,독립문,3호선,37.5746,126.958,2025-03-18 13:34:01
69,0317,경복궁(정부서울청사),3호선,37.5758,126.974,2025-03-18 13:34:01
70,0318,안국,3호선,37.5765,126.985,2025-03-18 13:34:01
71,0319,종로3가,3호선,37.5716,126.992,2025-03-18 13:34:01
72,0320,을지로3가,3호선,37.5667,126.993,2025-03-18 13:34:01
73,0321,충무로,3호선,37.5614,126.994,2025-03-18 13:34:02
74,0322,동대입구,3호선,37.5591,127.006,2025-03-18 13:34:02
75,0323,약수,3호선,37.5549,127.011,2025-03-18 13:34:02
76,0324,금호,3호선,37.548,127.016,2025-03-18 13:34:02
77,0325,옥수,3호선,37.5417,127.017,2025-03-18 13:34:02
78,0326,압구정,3호선,37.5271,127.028,2025-03-18 13:34:02
79,0327,신사,3호선,37.5163,127.02,2025-03-18 13:34:02
80,0328,잠원,3호선,37.5128,127.011,2025-03-18 13:34:02
81,0329,고속터미널,3호선,37.5049,127.005,2025-03-18 13:34:02
82,0330,교대(법원.검찰청),3호선,37.493,127.014,2025-03-18 13:34:02
83,0331,남부터미널(예술의전당),3호선,37.485,127.016,2025-03-18 13:34:02
84,0332,양재(서초구청),3호선,37.4845,127.034,2025-03-18 13:34:02
85,0333,매봉,3호선,37.4869,127.047,2025-03-18 13:34:02
86,0334,도곡,3호선,37.4909,127.055,2025-03-18 13:34:02
87,0335,대치,3호선,37.4946,127.064,2025-03-18 13:34:02
88,0336,학여울,3호선,37.4967,127.071,2025-03-18 13:34:02
89,0337,대청,3호선,37.4935,127.08,2025-03-18 13:34:02
90,0338,일원,3호선,37.4837,127.084,2025-03-18 13:34:02
91,0339,수서,3호선,37.4874,127.102,2025-03-18 13:34:02
92,0340,가락시장,3호선,37.4922,127.118,2025-03-18 13:34:02
93,0341,경찰병원,3호선,37.4959,127.125,2025-03-18 13:34:02
94,0342,오금,3호선,37.5021,127.128,2025-03-18 13:34:03
95,0405,진접,진접선,37.7205,127.203,2025-03-18 13:34:03
96,0406,오남,진접선,37.705,127.193,2025-03-18 13:34:03
97,0408,별내별가람,진접선,37.6678,127.116,2025-03-18 13:34:03
98,0409,당고개,4호선,37.6703,127.079,2025-03-18 13:34:03
99,0410,상계,4호선,37.6609,127.074,2025-03-18 13:34:03
100,0411,노원,4호선,37.6563,127.063,2025-03-18 13:34:03
101,0412,창동,4호선,37.6531,127.047,2025-03-18 13:34:03
102,0413,쌍문,4호선,37.6486,127.035,2025-03-18 13:34:03
103,0414,수유(강북구청),4호선,37.6381,127.026,2025-03-18 13:34:03
104,0415,미아(서울사이버대학),4호선,37.6267,127.026,2025-03-18 13:34:03
105,0416,미아사거리,4호선,37.6133,127.03,2025-03-18 13:34:03
106,0417,길음,4호선,37.6034,127.025,2025-03-18 13:34:03
107,0418,성신여대입구(돈암),4호선,37.5926,127.016,2025-03-18 13:34:03
108,0419,한성대입구(삼선교),4호선,37.5885,127.006,2025-03-18 13:34:03
109,0420,혜화,4호선,37.5823,127.002,2025-03-18 13:34:03
110,0421,동대문,4호선,37.5709,127.009,2025-03-18 13:34:03
111,0422,동대문역사문화공원,4호선,37.5651,127.008,2025-03-18 13:34:03
112,0423,충무로,4호선,37.5612,126.994,2025-03-18 13:34:03
113,0424,명동,4호선,37.561,126.986,2025-03-18 13:34:03
114,0425,회현(남대문시장),4호선,37.5585,126.978,2025-03-18 13:34:03
115,0426,서울역,4호선,37.5528,126.973,2025-03-18 13:34:04
116,0427,숙대입구(갈월),4호선,37.5446,126.972,2025-03-18 13:34:04
117,0428,삼각지,4호선,37.5341,126.973,2025-03-18 13:34:04
118,0429,신용산,4호선,37.5292,126.968,2025-03-18 13:34:04
119,0430,이촌(국립중앙박물관),4호선,37.5223,126.975,2025-03-18 13:34:04
120,0431,동작(현충원),4호선,37.5029,126.98,2025-03-18 13:34:04
121,0432,총신대입구(이수),4호선,37.4863,126.982,2025-03-18 13:34:04
122,0433,사당,4호선,37.477,126.982,2025-03-18 13:34:04
123,0434,남태령,4호선,37.4639,126.989,2025-03-18 13:34:04
124,1001,서울역,경부선,37.5543,126.971,2025-03-18 13:34:04
125,1002,남영,경부선,37.541,126.971,2025-03-18 13:34:04
126,1003,용산,경부선,37.5299,126.965,2025-03-18 13:34:04
127,1004,노량진,경부선,37.5141,126.943,2025-03-18 13:34:04
128,1005,대방,경부선,37.5133,126.926,2025-03-18 13:34:04
129,1006,영등포,경부선,37.5155,126.908,2025-03-18 13:34:04
130,1007,신도림,경부선,37.5088,126.891,2025-03-18 13:34:04
131,1008,이촌(국립중앙박물관),경원선,37.5224,126.973,2025-03-18 13:34:04
132,1009,서빙고,경원선,37.5196,126.989,2025-03-18 13:34:04
133,1010,한남,경원선,37.5294,127.009,2025-03-18 13:34:04
134,1011,옥수,경원선,37.5404,127.019,2025-03-18 13:34:04
135,1012,응봉,경원선,37.5499,127.035,2025-03-18 13:34:04
136,1013,왕십리(성동구청),경원선,37.5618,127.038,2025-03-18 13:34:05
137,1014,청량리(서울시립대입구),경원선,37.5808,127.048,2025-03-18 13:34:05
138,1015,회기,중앙선,37.5895,127.058,2025-03-18 13:34:05
139,1016,외대앞,경원선,37.5961,127.064,2025-03-18 13:34:05
140,1017,신이문,경원선,37.6019,127.067,2025-03-18 13:34:05
141,1018,석계,경원선,37.6145,127.066,2025-03-18 13:34:05
142,1019,광운대,경원선,37.6236,127.062,2025-03-18 13:34:05
143,1020,월계,경원선,37.6332,127.059,2025-03-18 13:34:05
144,1021,녹천,경원선,37.6448,127.051,2025-03-18 13:34:05
145,1022,창동,경원선,37.653,127.048,2025-03-18 13:34:05
146,1023,선릉,분당선,37.5049,127.049,2025-03-18 13:34:05
147,1024,한티,분당선,37.4962,127.053,2025-03-18 13:34:05
148,1025,도곡,분당선,37.4912,127.055,2025-03-18 13:34:05
149,1026,구룡,분당선,37.4868,127.059,2025-03-18 13:34:05
150,1027,개포동,분당선,37.4891,127.066,2025-03-18 13:34:05
151,1028,대모산입구,분당선,37.4914,127.073,2025-03-18 13:34:05
152,1030,수서,분당선,37.4875,127.101,2025-03-18 13:34:05
153,1031,복정,분당선,37.4703,127.127,2025-03-18 13:34:05
154,1032,신길,경부선,37.5169,126.918,2025-03-18 13:34:05
155,1201,중랑,중앙선,37.5949,127.076,2025-03-18 13:34:05
156,1202,상봉(시외버스터미널),중앙선,37.5967,127.085,2025-03-18 13:34:05
157,1203,망우,중앙선,37.5995,127.092,2025-03-18 13:34:06
158,1204,양원,중앙선,37.6066,127.108,2025-03-18 13:34:06
159,1205,구리,중앙선,37.6034,127.144,2025-03-18 13:34:06
160,1206,도농,중앙선,37.6088,127.161,2025-03-18 13:34:06
161,1207,양정,중앙선,37.6053,127.194,2025-03-18 13:34:06
162,1208,덕소,중앙선,37.5868,127.209,2025-03-18 13:34:06
163,1209,도심,중앙선,37.5796,127.223,2025-03-18 13:34:06
164,1210,팔당,중앙선,37.5474,127.244,2025-03-18 13:34:06
165,1211,운길산,중앙선,37.5547,127.31,2025-03-18 13:34:06
166,1212,양수,중앙선,37.546,127.329,2025-03-18 13:34:06
167,1213,신원,중앙선,37.5255,127.373,2025-03-18 13:34:06
168,1214,국수,중앙선,37.5162,127.399,2025-03-18 13:34:06
169,1215,아신,중앙선,37.5138,127.443,2025-03-18 13:34:06
170,1216,오빈,중앙선,37.5061,127.474,2025-03-18 13:34:06
171,1217,양평,중앙선,37.4928,127.492,2025-03-18 13:34:06
172,1218,원덕,중앙선,37.4687,127.547,2025-03-18 13:34:06
173,1219,용문,중앙선,37.4822,127.595,2025-03-18 13:34:06
174,1220,지평,중앙선,37.4764,127.63,2025-03-18 13:34:06
175,1251,서울역,경의중앙선,37.5572,126.971,2025-03-18 13:34:06
176,1252,신촌,경의중앙선,37.5597,126.943,2025-03-18 13:34:06
177,1261,효창공원앞,경의중앙선,37.5386,126.962,2025-03-18 13:34:06
178,1262,공덕,경의중앙선,37.5426,126.952,2025-03-18 13:34:06
179,1263,서강대,경의중앙선,37.5519,126.936,2025-03-18 13:34:06
180,1264,홍대입구,경의중앙선,37.5576,126.927,2025-03-18 13:34:07
181,1265,가좌,경의중앙선,37.5685,126.915,2025-03-18 13:34:07
182,1266,디지털미디어시티,경의중앙선,37.5775,126.9,2025-03-18 13:34:07
183,1267,수색,경의중앙선,37.5808,126.896,2025-03-18 13:34:07
184,1268,화전,경의중앙선,37.6029,126.868,2025-03-18 13:34:07
185,1269,강매,경의중앙선,37.6123,126.843,2025-03-18 13:34:07
186,1270,행신,경의중앙선,37.6121,126.834,2025-03-18 13:34:07
187,1271,능곡,경의중앙선,37.6188,126.821,2025-03-18 13:34:07
188,1272,곡산,경의중앙선,37.6457,126.802,2025-03-18 13:34:07
189,1273,백마,경의중앙선,37.6582,126.794,2025-03-18 13:34:07
190,1274,풍산,경의중앙선,37.6723,126.786,2025-03-18 13:34:07
191,1275,일산,경의중앙선,37.6821,126.77,2025-03-18 13:34:07
192,1276,탄현,경의중앙선,37.694,126.761,2025-03-18 13:34:07
193,1277,야당,경의중앙선,37.7123,126.761,2025-03-18 13:34:07
194,1278,운정,경의중앙선,37.7258,126.767,2025-03-18 13:34:07
195,1279,금릉,경의중앙선,37.7513,126.765,2025-03-18 13:34:07
196,1280,금촌,경의중앙선,37.7662,126.775,2025-03-18 13:34:07
197,1282,월롱,경의중앙선,37.7962,126.793,2025-03-18 13:34:07
198,1283,파주,경의중앙선,37.8153,126.793,2025-03-18 13:34:07
199,1284,문산,경의중앙선,37.8546,126.788,2025-03-18 13:34:07
200,1285,임진강,경의중앙선,37.8884,126.747,2025-03-18 13:34:07
201,1286,운천,경의중앙선,37.8799,126.77,2025-03-18 13:34:07
202,1291,서울역,경의중앙선,37.5572,126.971,2025-03-18 13:34:07
203,1292,공덕,경의중앙선,37.5426,126.952,2025-03-18 13:34:08
204,1293,홍대입구,경의중앙선,37.5576,126.927,2025-03-18 13:34:08
205,1294,디지털미디어시티,경의중앙선,37.5775,126.9,2025-03-18 13:34:08
206,1311,신내,경춘선,37.6129,127.103,2025-03-18 13:34:08
207,1312,갈매,경춘선,37.6341,127.115,2025-03-18 13:34:08
208,1313,별내,경춘선,37.642,127.127,2025-03-18 13:34:08
209,1314,퇴계원,경춘선,37.6483,127.144,2025-03-18 13:34:08
210,1315,사릉,경춘선,37.6511,127.177,2025-03-18 13:34:08
211,1316,금곡,경춘선,37.6374,127.208,2025-03-18 13:34:08
212,1317,평내호평,경춘선,37.6532,127.244,2025-03-18 13:34:08
213,1318,천마산,경춘선,37.659,127.285,2025-03-18 13:34:08
214,1319,마석,경춘선,37.6528,127.312,2025-03-18 13:34:08
215,1320,대성리,경춘선,37.6841,127.379,2025-03-18 13:34:08
216,1321,청평,경춘선,37.7355,127.427,2025-03-18 13:34:08
217,1322,상천,경춘선,37.7702,127.455,2025-03-18 13:34:08
218,1323,가평,경춘선,37.8145,127.511,2025-03-18 13:34:08
219,1324,굴봉산,경춘선,37.8321,127.558,2025-03-18 13:34:08
220,1325,백양리,경춘선,37.8308,127.589,2025-03-18 13:34:08
221,1326,강촌,경춘선,37.8057,127.634,2025-03-18 13:34:08
222,1327,김유정,경춘선,37.8185,127.714,2025-03-18 13:34:09
223,1328,남춘천,경춘선,37.864,127.724,2025-03-18 13:34:09
224,1329,춘천,경춘선,37.8851,127.717,2025-03-18 13:34:09
225,1401,봉명,장항선,36.8012,127.136,2025-03-18 13:34:09
226,1402,쌍용(나사렛대),장항선,36.7938,127.121,2025-03-18 13:34:09
227,1403,아산,장항선,36.7921,127.104,2025-03-18 13:34:09
228,1404,탕정,장항선,36.7887,127.085,2025-03-18 13:34:09
229,1405,배방,장항선,36.7776,127.053,2025-03-18 13:34:09
230,1407,온양온천,장항선,36.7805,127.003,2025-03-18 13:34:09
231,1408,신창(순천향대),장항선,36.7695,126.951,2025-03-18 13:34:09
232,1450,선바위,과천선,37.4517,127.002,2025-03-18 13:34:09
233,1451,경마공원,과천선,37.4439,127.008,2025-03-18 13:34:09
234,1452,대공원,과천선,37.4357,127.007,2025-03-18 13:34:09
235,1453,과천,과천선,37.433,126.997,2025-03-18 13:34:09
236,1454,정부과천청사,과천선,37.4265,126.99,2025-03-18 13:34:09
237,1455,인덕원,과천선,37.4016,126.977,2025-03-18 13:34:09
238,1456,평촌,과천선,37.3943,126.964,2025-03-18 13:34:09
239,1457,범계,과천선,37.3898,126.951,2025-03-18 13:34:09
240,1458,금정,과천선,37.3722,126.943,2025-03-18 13:34:09
241,1501,판교,경강선,37.3948,127.111,2025-03-18 13:34:09
242,1502,이매,경강선,37.3947,127.128,2025-03-18 13:34:09
243,1503,삼동,경강선,37.4095,127.203,2025-03-18 13:34:09
244,1504,경기광주,경강선,37.3999,127.253,2025-03-18 13:34:09
245,1505,초월,경강선,37.3744,127.299,2025-03-18 13:34:10
246,1506,곤지암,경강선,37.3513,127.347,2025-03-18 13:34:10
247,1507,신둔도예촌,경강선,37.3172,127.405,2025-03-18 13:34:10
248,1508,이천,경강선,37.2656,127.442,2025-03-18 13:34:10
249,1509,부발,경강선,37.2602,127.49,2025-03-18 13:34:10
250,1510,세종대왕릉,경강선,37.2953,127.571,2025-03-18 13:34:10
251,1511,여주,경강선,37.2823,127.629,2025-03-18 13:34:10
252,1512,성남,경강선,37.3947,127.119,2025-03-18 13:34:10
253,1701,구로,경부선,37.503,126.882,2025-03-18 13:34:10
254,1702,가산디지털단지,경부선,37.4816,126.883,2025-03-18 13:34:10
255,1703,금천구청,경부선,37.4556,126.894,2025-03-18 13:34:10
256,1704,석수,경부선,37.435,126.902,2025-03-18 13:34:10
257,1705,관악,경부선,37.4192,126.909,2025-03-18 13:34:10
258,1706,안양,경부선,37.4016,126.923,2025-03-18 13:34:10
259,1707,명학,경부선,37.3847,126.935,2025-03-18 13:34:10
260,1708,금정,경부선,37.3722,126.943,2025-03-18 13:34:10
261,1709,군포,경부선,37.3536,126.948,2025-03-18 13:34:10
262,1710,의왕,경부선,37.3209,126.948,2025-03-18 13:34:10
263,1711,성균관대,경부선,37.3004,126.971,2025-03-18 13:34:10
264,1712,화서,경부선,37.2839,126.99,2025-03-18 13:34:10
265,1713,수원,경부선,37.2663,127,2025-03-18 13:34:10
266,1714,독산,경부선,37.4666,126.889,2025-03-18 13:34:10
267,1715,세류,경부선,37.245,127.013,2025-03-18 13:34:11
268,1716,병점,경부선,37.2075,127.033,2025-03-18 13:34:11
269,1717,세마,경부선,37.1875,127.043,2025-03-18 13:34:11
270,1718,오산대,경부선,37.169,127.063,2025-03-18 13:34:11
271,1719,오산,경부선,37.1459,127.067,2025-03-18 13:34:11
272,1720,진위,경부선,37.1094,127.062,2025-03-18 13:34:11
273,1721,송탄,경부선,37.0757,127.054,2025-03-18 13:34:11
274,1722,서정리,경부선,37.0565,127.053,2025-03-18 13:34:11
275,1723,지제,경부선,37.0188,127.07,2025-03-18 13:34:11
276,1724,평택,경부선,36.9907,127.085,2025-03-18 13:34:11
277,1725,성환,경부선,36.9161,127.127,2025-03-18 13:34:11
278,1726,직산,경부선,36.8706,127.144,2025-03-18 13:34:11
279,1727,두정,경부선,36.8337,127.149,2025-03-18 13:34:11
280,1728,천안,경부선,36.81,127.147,2025-03-18 13:34:11
281,1729,당정,경부선,37.3443,126.948,2025-03-18 13:34:11
282,1749,서동탄,경부선,37.1955,127.052,2025-03-18 13:34:11
283,1750,광명,경부선,37.4162,126.884,2025-03-18 13:34:11
284,1751,산본,안산선,37.3581,126.933,2025-03-18 13:34:11
285,1752,대야미,안산선,37.3285,126.917,2025-03-18 13:34:11
286,1753,반월,안산선,37.3122,126.904,2025-03-18 13:34:11
287,1754,상록수,안산선,37.3028,126.866,2025-03-18 13:34:11
288,1755,한대앞,안산선,37.3097,126.853,2025-03-18 13:34:11
289,1756,중앙,안산선,37.3159,126.839,2025-03-18 13:34:11
290,1757,고잔,안산선,37.3168,126.823,2025-03-18 13:34:11
291,1758,초지,안산선,37.3206,126.806,2025-03-18 13:34:12
292,1759,안산,안산선,37.3271,126.789,2025-03-18 13:34:12
293,1760,신길온천,안산선,37.3382,126.766,2025-03-18 13:34:12
294,1761,정왕,안산선,37.3517,126.743,2025-03-18 13:34:12
295,1762,오이도,안산선,37.3624,126.739,2025-03-18 13:34:12
296,1763,수리산,안산선,37.3498,126.925,2025-03-18 13:34:12
297,1801,개봉,경인선,37.4946,126.86,2025-03-18 13:34:12
298,1802,오류동,경인선,37.4945,126.845,2025-03-18 13:34:12
299,1803,역곡,경인선,37.4852,126.812,2025-03-18 13:34:12
300,1804,부천,경인선,37.4841,126.783,2025-03-18 13:34:12
301,1805,송내,경인선,37.4876,126.754,2025-03-18 13:34:12
302,1806,부평,경인선,37.4894,126.725,2025-03-18 13:34:12
303,1807,백운,경인선,37.4837,126.708,2025-03-18 13:34:12
304,1808,동암,경인선,37.4714,126.703,2025-03-18 13:34:12
305,1809,주안,경인선,37.465,126.68,2025-03-18 13:34:12
306,1810,제물포,경인선,37.4668,126.657,2025-03-18 13:34:12
307,1811,동인천,경인선,37.4753,126.633,2025-03-18 13:34:12
308,1812,인천,경인선,37.4761,126.617,2025-03-18 13:34:12
309,1813,구일,경인선,37.4968,126.871,2025-03-18 13:34:12
310,1814,소사,경인선,37.4828,126.795,2025-03-18 13:34:12
311,1815,부개,경인선,37.4884,126.741,2025-03-18 13:34:12
312,1816,간석,경인선,37.4647,126.694,2025-03-18 13:34:12
313,1817,도원,경인선,37.4684,126.643,2025-03-18 13:34:12
314,1821,온수(성공회대입구),경인선,37.4924,126.824,2025-03-18 13:34:13
315,1822,중동,경인선,37.4866,126.765,2025-03-18 13:34:13
316,1823,도화,경인선,37.4661,126.669,2025-03-18 13:34:13
317,1846,수원,분당선,37.2659,126.999,2025-03-18 13:34:13
318,1847,서울숲,분당선,37.5436,127.045,2025-03-18 13:34:13
319,1848,압구정로데오,분당선,37.5274,127.041,2025-03-18 13:34:13
320,1849,강남구청,분당선,37.5175,127.041,2025-03-18 13:34:13
321,1850,선정릉,분당선,37.5107,127.044,2025-03-18 13:34:13
322,1851,가천대,분당선,37.4486,127.127,2025-03-18 13:34:13
323,1852,태평,분당선,37.44,127.128,2025-03-18 13:34:13
324,1853,모란,분당선,37.4321,127.129,2025-03-18 13:34:13
325,1854,야탑,분당선,37.4112,127.129,2025-03-18 13:34:13
326,1855,서현,분당선,37.3851,127.124,2025-03-18 13:34:13
327,1856,수내,분당선,37.3785,127.114,2025-03-18 13:34:13
328,1857,정자,분당선,37.366,127.108,2025-03-18 13:34:13
329,1858,미금,분당선,37.3501,127.109,2025-03-18 13:34:13
330,1859,오리,분당선,37.3398,127.109,2025-03-18 13:34:13
331,1860,이매,분당선,37.3954,127.128,2025-03-18 13:34:13
332,1861,보정,분당선,37.3128,127.108,2025-03-18 13:34:13
333,1862,죽전,분당선,37.3248,127.107,2025-03-18 13:34:13
334,1863,구성,분당선,37.299,127.106,2025-03-18 13:34:13
335,1864,신갈,분당선,37.2861,127.111,2025-03-18 13:34:13
336,1865,기흥,분당선,37.2751,127.116,2025-03-18 13:34:13
337,1866,상갈,분당선,37.2618,127.109,2025-03-18 13:34:13
338,1867,청명,분당선,37.2595,127.079,2025-03-18 13:34:14
339,1868,영통,분당선,37.2516,127.071,2025-03-18 13:34:14
340,1869,망포,분당선,37.2458,127.057,2025-03-18 13:34:14
341,1870,매탄권선,분당선,37.2528,127.041,2025-03-18 13:34:14
342,1871,수원시청,분당선,37.2619,127.031,2025-03-18 13:34:14
343,1872,매교,분당선,37.2655,127.016,2025-03-18 13:34:14
344,1873,고색,수인선,37.2496,126.98,2025-03-18 13:34:14
345,1874,오목천,수인선,37.243,126.964,2025-03-18 13:34:14
346,1875,어천,수인선,37.2501,126.909,2025-03-18 13:34:14
347,1876,야목,수인선,37.2642,126.879,2025-03-18 13:34:14
348,1877,사리,수인선,37.29,126.857,2025-03-18 13:34:14
349,1878,달월,수인선,37.3797,126.745,2025-03-18 13:34:14
350,1879,월곶,수인선,37.3918,126.743,2025-03-18 13:34:14
351,1880,소래포구,수인선,37.401,126.734,2025-03-18 13:34:14
352,1881,인천논현,수인선,37.4006,126.722,2025-03-18 13:34:14
353,1882,호구포,수인선,37.4016,126.709,2025-03-18 13:34:14
354,1883,남동인더스파크,수인선,37.4077,126.695,2025-03-18 13:34:14
355,1884,원인재,수인선,37.413,126.687,2025-03-18 13:34:14
356,1885,연수,수인선,37.4178,126.679,2025-03-18 13:34:14
357,1886,송도,수인선,37.4285,126.658,2025-03-18 13:34:14
358,1888,인하대,수인선,37.4485,126.65,2025-03-18 13:34:14
359,1889,숭의,수인선,37.4608,126.638,2025-03-18 13:34:14
360,1890,신포,수인선,37.4687,126.624,2025-03-18 13:34:15
361,1891,인천,수인선,37.4764,126.617,2025-03-18 13:34:15
362,1901,방학,경원선,37.6675,127.044,2025-03-18 13:34:15
363,1902,도봉,경원선,37.6796,127.046,2025-03-18 13:34:15
364,1903,도봉산,경원선,37.6895,127.046,2025-03-18 13:34:15
365,1904,망월사,경원선,37.7099,127.047,2025-03-18 13:34:15
366,1905,회룡,경원선,37.7244,127.047,2025-03-18 13:34:15
367,1906,의정부,경원선,37.7384,127.046,2025-03-18 13:34:15
368,1907,가능,경원선,37.7486,127.044,2025-03-18 13:34:15
369,1908,녹양,경원선,37.7594,127.042,2025-03-18 13:34:15
370,1909,양주,경원선,37.7744,127.045,2025-03-18 13:34:15
371,1910,덕계,경원선,37.8185,127.056,2025-03-18 13:34:15
372,1911,덕정,경원선,37.8432,127.061,2025-03-18 13:34:15
373,1912,지행,경원선,37.8923,127.056,2025-03-18 13:34:15
374,1913,동두천중앙,경원선,37.9019,127.056,2025-03-18 13:34:15
375,1914,보산,경원선,37.9137,127.057,2025-03-18 13:34:15
376,1915,동두천,경원선,37.9279,127.055,2025-03-18 13:34:15
377,1916,소요산,경원선,37.9481,127.061,2025-03-18 13:34:15
378,1917,초성리,경원선,37.9817,127.069,2025-03-18 13:34:15
379,1918,전곡,경원선,38.0246,127.072,2025-03-18 13:34:15
380,1919,연천,경원선,38.1007,127.074,2025-03-18 13:34:15
381,1948,원흥,일산선,37.6507,126.873,2025-03-18 13:34:15
382,1949,지축,일산선,37.648,126.914,2025-03-18 13:34:15
383,1950,삼송,일산선,37.6531,126.896,2025-03-18 13:34:15
384,1951,원당,일산선,37.6533,126.843,2025-03-18 13:34:16
385,1952,화정,일산선,37.6346,126.833,2025-03-18 13:34:16
386,1953,대곡,일산선,37.6316,126.811,2025-03-18 13:34:16
387,1954,백석,일산선,37.6431,126.788,2025-03-18 13:34:16
388,1955,마두,일산선,37.6522,126.778,2025-03-18 13:34:16
389,1956,정발산,일산선,37.6595,126.773,2025-03-18 13:34:16
390,1957,주엽,일산선,37.6701,126.761,2025-03-18 13:34:16
391,1958,대화,일산선,37.6761,126.748,2025-03-18 13:34:16
392,1980,김포공항,서해선,37.5617,126.804,2025-03-18 13:34:16
393,1981,원종,서해선,37.5239,126.805,2025-03-18 13:34:16
394,1982,부천종합운동장,서해선,37.5055,126.797,2025-03-18 13:34:16
395,2511,방화,5호선,37.5774,126.813,2025-03-18 13:34:16
396,2512,개화산,5호선,37.5724,126.806,2025-03-18 13:34:16
397,2513,김포공항,5호선,37.5624,126.801,2025-03-18 13:34:16
398,2514,송정,5호선,37.5612,126.812,2025-03-18 13:34:16
399,2515,마곡,5호선,37.5602,126.825,2025-03-18 13:34:16
400,2516,발산,5호선,37.5586,126.838,2025-03-18 13:34:16
401,2517,우장산,5호선,37.5488,126.836,2025-03-18 13:34:16
402,2518,화곡,5호선,37.5415,126.84,2025-03-18 13:34:16
403,2519,까치산,5호선,37.5318,126.847,2025-03-18 13:34:16
404,2520,신정(은행정),5호선,37.525,126.856,2025-03-18 13:34:16
405,2521,목동,5호선,37.5261,126.865,2025-03-18 13:34:16
406,2522,오목교(목동운동장앞),5호선,37.5245,126.875,2025-03-18 13:34:16
407,2523,양평,5호선,37.5256,126.886,2025-03-18 13:34:17
408,2524,영등포구청,5호선,37.5242,126.895,2025-03-18 13:34:17
409,2525,영등포시장,5호선,37.5227,126.905,2025-03-18 13:34:17
410,2526,신길,5호선,37.5176,126.915,2025-03-18 13:34:17
411,2527,여의도,5호선,37.5217,126.924,2025-03-18 13:34:17
412,2528,여의나루,5호선,37.5271,126.933,2025-03-18 13:34:17
413,2529,마포,5호선,37.5396,126.946,2025-03-18 13:34:17
414,2530,공덕,5호선,37.5444,126.951,2025-03-18 13:34:17
415,2531,애오개,5호선,37.5537,126.957,2025-03-18 13:34:17
416,2532,충정로(경기대입구),5호선,37.5602,126.963,2025-03-18 13:34:17
417,2533,서대문,5호선,37.5658,126.967,2025-03-18 13:34:17
418,2534,광화문(세종문화회관),5호선,37.5715,126.977,2025-03-18 13:34:17
419,2535,종로3가,5호선,37.5725,126.99,2025-03-18 13:34:17
420,2536,을지로4가,5호선,37.5674,126.998,2025-03-18 13:34:17
421,2537,동대문역사문화공원,5호선,37.5647,127.005,2025-03-18 13:34:17
422,2538,청구,5호선,37.5603,127.014,2025-03-18 13:34:17
423,2539,신금호,5호선,37.5545,127.02,2025-03-18 13:34:17
424,2540,행당,5호선,37.5573,127.029,2025-03-18 13:34:17
425,2541,왕십리(성동구청),5호선,37.5618,127.037,2025-03-18 13:34:17
426,2542,마장,5호선,37.5661,127.043,2025-03-18 13:34:17
427,2543,답십리,5호선,37.5667,127.053,2025-03-18 13:34:17
428,2544,장한평,5호선,37.5614,127.065,2025-03-18 13:34:17
429,2545,군자(능동),5호선,37.5571,127.08,2025-03-18 13:34:17
430,2546,아차산(어린이대공원후문),5호선,37.5517,127.09,2025-03-18 13:34:17
431,2547,광나루(장신대),5호선,37.5453,127.104,2025-03-18 13:34:18
432,2548,천호(풍납토성),5호선,37.5386,127.123,2025-03-18 13:34:18
433,2549,강동,5호선,37.5358,127.132,2025-03-18 13:34:18
434,2550,길동,5호선,37.5378,127.14,2025-03-18 13:34:18
435,2551,굽은다리(강동구민회관앞),5호선,37.5455,127.143,2025-03-18 13:34:18
436,2552,명일,5호선,37.5514,127.144,2025-03-18 13:34:18
437,2553,고덕,5호선,37.555,127.154,2025-03-18 13:34:18
438,2554,상일동,5호선,37.5567,127.166,2025-03-18 13:34:18
439,2555,둔촌동,5호선,37.5278,127.136,2025-03-18 13:34:18
440,2556,올림픽공원(한국체대),5호선,37.5162,127.131,2025-03-18 13:34:18
441,2557,방이,5호선,37.5089,127.126,2025-03-18 13:34:18
442,2558,오금,5호선,37.5021,127.128,2025-03-18 13:34:18
443,2559,개롱,5호선,37.4981,127.135,2025-03-18 13:34:18
444,2560,거여,5호선,37.4931,127.144,2025-03-18 13:34:18
445,2561,마천,5호선,37.495,127.153,2025-03-18 13:34:18
446,2562,강일,5호선,37.5575,127.176,2025-03-18 13:34:18
447,2563,미사,5호선,37.5609,127.194,2025-03-18 13:34:18
448,2564,하남풍산,5호선,37.552,127.204,2025-03-18 13:34:18
449,2565,하남검단산,5호선,37.5397,127.223,2025-03-18 13:34:18
450,2566,하남시청(덕풍-신장),5호선,37.542,127.206,2025-03-18 13:34:18
451,2611,응암,6호선,37.5986,126.916,2025-03-18 13:34:18
452,2612,역촌,6호선,37.606,126.923,2025-03-18 13:34:18
453,2613,불광,6호선,37.6109,126.929,2025-03-18 13:34:18
454,2614,독바위,6호선,37.6185,126.933,2025-03-18 13:34:18
455,2615,연신내,6호선,37.6186,126.921,2025-03-18 13:34:19
456,2616,구산,6호선,37.6114,126.917,2025-03-18 13:34:19
457,2617,새절(신사),6호선,37.5911,126.914,2025-03-18 13:34:19
458,2618,증산(명지대앞),6호선,37.5839,126.91,2025-03-18 13:34:19
459,2619,디지털미디어시티,6호선,37.5761,126.901,2025-03-18 13:34:19
460,2620,월드컵경기장(성산),6호선,37.5695,126.899,2025-03-18 13:34:19
461,2621,마포구청,6호선,37.5635,126.903,2025-03-18 13:34:19
462,2622,망원,6호선,37.5561,126.91,2025-03-18 13:34:19
463,2623,합정,6호선,37.5492,126.913,2025-03-18 13:34:19
464,2624,상수,6호선,37.5477,126.923,2025-03-18 13:34:19
465,2625,광흥창(서강),6호선,37.5475,126.932,2025-03-18 13:34:19
466,2626,대흥(서강대앞),6호선,37.5478,126.942,2025-03-18 13:34:19
467,2627,공덕,6호선,37.5436,126.952,2025-03-18 13:34:19
468,2628,효창공원앞,6호선,37.5392,126.961,2025-03-18 13:34:19
469,2629,삼각지,6호선,37.5355,126.974,2025-03-18 13:34:19
470,2630,녹사평(용산구청),6호선,37.5347,126.987,2025-03-18 13:34:19
471,2631,이태원,6호선,37.5345,126.994,2025-03-18 13:34:19
472,2632,한강진,6호선,37.5396,127.002,2025-03-18 13:34:19
473,2633,버티고개,6호선,37.548,127.007,2025-03-18 13:34:19
474,2634,약수,6호선,37.5543,127.01,2025-03-18 13:34:19
475,2635,청구,6호선,37.5606,127.014,2025-03-18 13:34:19
476,2636,신당,6호선,37.5662,127.016,2025-03-18 13:34:19
477,2637,동묘앞,6호선,37.5723,127.016,2025-03-18 13:34:19
478,2638,창신,6호선,37.5797,127.015,2025-03-18 13:34:20
479,2639,보문,6호선,37.5853,127.019,2025-03-18 13:34:20
480,2640,안암(고대병원앞),6호선,37.5863,127.029,2025-03-18 13:34:20
481,2641,고려대(종암),6호선,37.5905,127.036,2025-03-18 13:34:20
482,2642,월곡(동덕여대),6호선,37.6019,127.042,2025-03-18 13:34:20
483,2643,상월곡(한국과학기술연구원),6호선,37.6064,127.048,2025-03-18 13:34:20
484,2644,돌곶이,6호선,37.6105,127.056,2025-03-18 13:34:20
485,2645,석계,6호선,37.6149,127.066,2025-03-18 13:34:20
486,2646,태릉입구,6호선,37.6173,127.075,2025-03-18 13:34:20
487,2647,화랑대(서울여대입구),6호선,37.6201,127.085,2025-03-18 13:34:20
488,2648,봉화산(서울의료원),6호선,37.6173,127.091,2025-03-18 13:34:20
489,2649,신내,6호선,37.6132,127.102,2025-03-18 13:34:20
490,2711,장암,7호선,37.7001,127.053,2025-03-18 13:34:20
491,2712,도봉산,7호선,37.6892,127.047,2025-03-18 13:34:20
492,2713,수락산,7호선,37.6778,127.055,2025-03-18 13:34:20
493,2714,마들,7호선,37.6649,127.058,2025-03-18 13:34:20
494,2715,노원,7호선,37.6548,127.06,2025-03-18 13:34:20
495,2716,중계,7호선,37.6446,127.064,2025-03-18 13:34:20
496,2717,하계,7호선,37.6364,127.068,2025-03-18 13:34:20
497,2718,공릉(서울과학기술대),7호선,37.6257,127.073,2025-03-18 13:34:20
498,2719,태릉입구,7호선,37.6183,127.075,2025-03-18 13:34:20
499,2720,먹골,7호선,37.6106,127.078,2025-03-18 13:34:20
500,2721,중화,7호선,37.6025,127.079,2025-03-18 13:34:20
501,2722,상봉(시외버스터미널),7호선,37.5956,127.086,2025-03-18 13:34:21
502,2723,면목,7호선,37.5886,127.088,2025-03-18 13:34:21
503,2724,사가정,7호선,37.5809,127.088,2025-03-18 13:34:21
504,2725,용마산,7호선,37.5736,127.087,2025-03-18 13:34:21
505,2726,중곡,7호선,37.5659,127.084,2025-03-18 13:34:21
506,2727,군자(능동),7호선,37.5569,127.079,2025-03-18 13:34:21
507,2728,어린이대공원(세종대),7호선,37.548,127.075,2025-03-18 13:34:21
508,2729,건대입구,7호선,37.5408,127.071,2025-03-18 13:34:21
509,2730,뚝섬유원지,7호선,37.5315,127.067,2025-03-18 13:34:21
510,2731,청담,7호선,37.5194,127.053,2025-03-18 13:34:21
511,2732,강남구청,7호선,37.5172,127.041,2025-03-18 13:34:21
512,2733,학동,7호선,37.5142,127.032,2025-03-18 13:34:21
513,2734,논현,7호선,37.5111,127.021,2025-03-18 13:34:21
514,2735,반포,7호선,37.5082,127.012,2025-03-18 13:34:21
515,2736,고속터미널,7호선,37.5034,127.005,2025-03-18 13:34:21
516,2737,내방,7호선,37.4876,126.994,2025-03-18 13:34:21
517,2738,이수,7호선,37.4852,126.982,2025-03-18 13:34:21
518,2739,남성,7호선,37.4846,126.971,2025-03-18 13:34:21
519,2740,숭실대입구(살피재),7호선,37.496,126.954,2025-03-18 13:34:21
520,2741,상도,7호선,37.5028,126.948,2025-03-18 13:34:21
521,2742,장승배기,7호선,37.5049,126.939,2025-03-18 13:34:21
522,2743,신대방삼거리,7호선,37.4997,126.928,2025-03-18 13:34:21
523,2744,보라매,7호선,37.4999,126.92,2025-03-18 13:34:21
524,2745,신풍,7호선,37.5001,126.91,2025-03-18 13:34:21
525,2746,대림(구로구청),7호선,37.493,126.897,2025-03-18 13:34:22
526,2747,남구로,7호선,37.4861,126.887,2025-03-18 13:34:22
527,2748,가산디지털단지,7호선,37.4803,126.883,2025-03-18 13:34:22
528,2749,철산,7호선,37.4761,126.868,2025-03-18 13:34:22
529,2750,광명사거리,7호선,37.4793,126.855,2025-03-18 13:34:22
530,2751,천왕,7호선,37.4866,126.839,2025-03-18 13:34:22
531,2752,온수(성공회대입구),7호선,37.4921,126.823,2025-03-18 13:34:22
532,2753,까치울,7호선,37.5062,126.811,2025-03-18 13:34:22
533,2754,부천종합운동장,7호선,37.5054,126.797,2025-03-18 13:34:22
534,2755,춘의,7호선,37.5037,126.787,2025-03-18 13:34:22
535,2756,신중동,7호선,37.503,126.776,2025-03-18 13:34:22
536,2757,부천시청,7호선,37.5046,126.764,2025-03-18 13:34:22
537,2758,상동,7호선,37.5058,126.753,2025-03-18 13:34:22
538,2759,삼산체육관,7호선,37.5064,126.742,2025-03-18 13:34:22
539,2760,굴포천,7호선,37.507,126.731,2025-03-18 13:34:22
540,2761,부평구청,7호선,37.5074,126.722,2025-03-18 13:34:22
541,2805,별내,별내선,37.6423,127.128,2025-03-18 13:34:22
542,2806,다산,별내선,37.6243,127.15,2025-03-18 13:34:22
543,2807,동구릉,별내선,37.611,127.138,2025-03-18 13:34:22
544,2808,구리,별내선,37.6026,127.141,2025-03-18 13:34:22
545,2809,장자호수공원,별내선,37.5874,127.138,2025-03-18 13:34:22
546,2810,암사역사공원,8호선,37.5569,127.137,2025-03-18 13:34:22
547,2811,암사,8호선,37.5502,127.128,2025-03-18 13:34:22
548,2812,천호(풍납토성),8호선,37.5381,127.123,2025-03-18 13:34:22
549,2813,강동구청,8호선,37.5303,127.121,2025-03-18 13:34:22
550,2814,몽촌토성(평화의문),8호선,37.5174,127.112,2025-03-18 13:34:23
551,2815,잠실(송파구청),8호선,37.5147,127.104,2025-03-18 13:34:23
552,2816,석촌,8호선,37.5056,127.107,2025-03-18 13:34:23
553,2817,송파,8호선,37.4997,127.112,2025-03-18 13:34:23
554,2818,가락시장,8호선,37.4929,127.118,2025-03-18 13:34:23
555,2819,문정,8호선,37.4859,127.122,2025-03-18 13:34:23
556,2820,장지,8호선,37.4787,127.126,2025-03-18 13:34:23
557,2821,복정,8호선,37.4711,127.127,2025-03-18 13:34:23
558,2822,산성,8호선,37.4571,127.15,2025-03-18 13:34:23
559,2823,남한산성입구(성남법원.검찰청),8호선,37.4515,127.16,2025-03-18 13:34:23
560,2824,단대오거리,8호선,37.4452,127.157,2025-03-18 13:34:23
561,2825,신흥,8호선,37.4409,127.148,2025-03-18 13:34:23
562,2826,수진,8호선,37.4374,127.141,2025-03-18 13:34:23
563,2827,모란,8호선,37.4338,127.13,2025-03-18 13:34:23
564,2828,남위례,8호선,37.4624,127.14,2025-03-18 13:34:23
565,3110,계양,인천1호선,37.5714,126.736,2025-03-18 13:34:23
566,3111,귤현,인천1호선,37.5664,126.743,2025-03-18 13:34:23
567,3112,박촌,인천1호선,37.5537,126.745,2025-03-18 13:34:23
568,3113,임학,인천1호선,37.5451,126.739,2025-03-18 13:34:23
569,3114,계산,인천1호선,37.5432,126.728,2025-03-18 13:34:23
570,3115,경인교대입구,인천1호선,37.5382,126.723,2025-03-18 13:34:23
571,3116,작전,인천1호선,37.5304,126.723,2025-03-18 13:34:23
572,3117,갈산,인천1호선,37.5173,126.722,2025-03-18 13:34:23
573,3118,부평구청,인천1호선,37.5084,126.721,2025-03-18 13:34:23
574,3119,부평시장,인천1호선,37.4984,126.722,2025-03-18 13:34:24
575,3120,부평,인천1호선,37.4905,126.723,2025-03-18 13:34:24
576,3121,동수,인천1호선,37.4853,126.718,2025-03-18 13:34:24
577,3122,부평삼거리,인천1호선,37.4777,126.71,2025-03-18 13:34:24
578,3123,간석오거리,인천1호선,37.467,126.708,2025-03-18 13:34:24
579,3124,인천시청,인천1호선,37.4573,126.702,2025-03-18 13:34:24
580,3125,예술회관,인천1호선,37.4494,126.701,2025-03-18 13:34:24
581,3126,인천터미널,인천1호선,37.4424,126.7,2025-03-18 13:34:24
582,3127,문학경기장,인천1호선,37.4349,126.699,2025-03-18 13:34:24
583,3128,선학,인천1호선,37.4267,126.699,2025-03-18 13:34:24
584,3129,신연수,인천1호선,37.418,126.694,2025-03-18 13:34:24
585,3130,원인재,인천1호선,37.4123,126.688,2025-03-18 13:34:24
586,3131,동춘,인천1호선,37.4047,126.681,2025-03-18 13:34:24
587,3132,동막,인천1호선,37.3979,126.674,2025-03-18 13:34:24
588,3133,캠퍼스타운,인천1호선,37.3879,126.662,2025-03-18 13:34:24
589,3134,테크노파크,인천1호선,37.3823,126.656,2025-03-18 13:34:24
590,3135,지식정보단지,인천1호선,37.3784,126.645,2025-03-18 13:34:24
591,3136,인천대입구,인천1호선,37.386,126.639,2025-03-18 13:34:24
592,3137,센트럴파크,인천1호선,37.3931,126.635,2025-03-18 13:34:24
593,3138,국제업무지구,인천1호선,37.3999,126.63,2025-03-18 13:34:24
594,3139,송도달빛축제공원,인천1호선,37.4071,126.626,2025-03-18 13:34:24
595,3201,검단오류(검단산업단지),인천2호선,37.5949,126.627,2025-03-18 13:34:24
596,3202,왕길,인천2호선,37.5952,126.643,2025-03-18 13:34:25
597,3203,검단사거리,인천2호선,37.6018,126.657,2025-03-18 13:34:25
598,3204,마전,인천2호선,37.5976,126.667,2025-03-18 13:34:25
599,3205,완정,인천2호선,37.5929,126.673,2025-03-18 13:34:25
600,3206,독정,인천2호선,37.5852,126.676,2025-03-18 13:34:25
601,3207,검암,인천2호선,37.5687,126.676,2025-03-18 13:34:25
602,3208,검바위,인천2호선,37.5614,126.678,2025-03-18 13:34:25
603,3209,아시아드경기장(공촌사거리),인천2호선,37.5517,126.677,2025-03-18 13:34:25
604,3210,서구청,인천2호선,37.5437,126.677,2025-03-18 13:34:25
605,3211,가정(루원시티),인천2호선,37.5247,126.676,2025-03-18 13:34:25
606,3212,가정중앙시장,인천2호선,37.5171,126.677,2025-03-18 13:34:25
607,3213,석남(거북시장),인천2호선,37.5062,126.676,2025-03-18 13:34:25
608,3214,서부여성회관,인천2호선,37.5002,126.676,2025-03-18 13:34:25
609,3215,인천가좌,인천2호선,37.4897,126.675,2025-03-18 13:34:25
610,3216,가재울,인천2호선,37.4842,126.684,2025-03-18 13:34:25
611,3217,주안국가산단,인천2호선,37.4737,126.681,2025-03-18 13:34:25
612,3218,주안,인천2호선,37.465,126.679,2025-03-18 13:34:25
613,3219,시민공원(문화창작지대),인천2호선,37.4583,126.681,2025-03-18 13:34:25
614,3220,석바위시장,인천2호선,37.4576,126.693,2025-03-18 13:34:25
615,3221,인천시청,인천2호선,37.4568,126.701,2025-03-18 13:34:25
616,3222,석천사거리,인천2호선,37.4568,126.71,2025-03-18 13:34:25
617,3223,모래내시장,인천2호선,37.4558,126.719,2025-03-18 13:34:25
618,3224,만수,인천2호선,37.4549,126.732,2025-03-18 13:34:25
619,3225,남동구청,인천2호선,37.4482,126.737,2025-03-18 13:34:26
620,3226,인천대공원,인천2호선,37.4488,126.753,2025-03-18 13:34:26
621,3227,운연(서창),인천2호선,37.4401,126.76,2025-03-18 13:34:26
622,3753,까치울,7호선(인천),37.5061,126.811,2025-03-18 13:34:26
623,3754,부천종합운동장,7호선(인천),37.505,126.797,2025-03-18 13:34:26
624,3755,춘의,7호선(인천),37.5037,126.788,2025-03-18 13:34:26
625,3756,신중동,7호선(인천),37.5028,126.776,2025-03-18 13:34:26
626,3757,부천시청,7호선(인천),37.5044,126.764,2025-03-18 13:34:26
627,3758,상동,7호선(인천),37.5058,126.753,2025-03-18 13:34:26
628,3759,삼산체육관,7호선(인천),37.5072,126.742,2025-03-18 13:34:26
629,3760,굴포천,7호선(인천),37.5068,126.732,2025-03-18 13:34:26
630,3761,부평구청,7호선(인천),37.5085,126.721,2025-03-18 13:34:26
631,3762,산곡,7호선,37.5086,126.704,2025-03-18 13:34:26
632,3763,석남(거북시장),7호선,37.5062,126.676,2025-03-18 13:34:26
633,4101,개화,9호선,37.5786,126.798,2025-03-18 13:34:26
634,4102,김포공항,9호선,37.5619,126.802,2025-03-18 13:34:26
635,4103,공항시장,9호선,37.5637,126.811,2025-03-18 13:34:26
636,4104,신방화,9호선,37.5675,126.817,2025-03-18 13:34:26
637,4105,마곡나루,9호선,37.5668,126.827,2025-03-18 13:34:26
638,4106,양천향교,9호선,37.5684,126.841,2025-03-18 13:34:26
639,4107,가양,9호선,37.5614,126.854,2025-03-18 13:34:26
640,4108,증미,9호선,37.5574,126.862,2025-03-18 13:34:26
641,4109,등촌,9호선,37.5506,126.866,2025-03-18 13:34:26
642,4110,염창,9호선,37.5469,126.875,2025-03-18 13:34:26
643,4111,신목동,9호선,37.5443,126.883,2025-03-18 13:34:27
644,4112,선유도,9호선,37.538,126.894,2025-03-18 13:34:27
645,4113,당산,9호선,37.5334,126.903,2025-03-18 13:34:27
646,4114,국회의사당,9호선,37.5281,126.918,2025-03-18 13:34:27
647,4115,여의도,9호선,37.5218,126.924,2025-03-18 13:34:27
648,4116,샛강,9호선,37.5173,126.928,2025-03-18 13:34:27
649,4117,노량진,9호선,37.5135,126.941,2025-03-18 13:34:27
650,4118,노들,9호선,37.5129,126.953,2025-03-18 13:34:27
651,4119,흑석(중앙대입구),9호선,37.5088,126.964,2025-03-18 13:34:27
652,4120,동작(현충원),9호선,37.5029,126.978,2025-03-18 13:34:27
653,4121,구반포,9호선,37.5014,126.987,2025-03-18 13:34:27
654,4122,신반포,9호선,37.5034,126.996,2025-03-18 13:34:27
655,4123,고속터미널,9호선,37.506,127.004,2025-03-18 13:34:27
656,4124,사평,9호선,37.5042,127.015,2025-03-18 13:34:27
657,4125,신논현,9호선,37.5046,127.025,2025-03-18 13:34:27
658,4126,언주,9호선(연장),37.5073,127.034,2025-03-18 13:34:27
659,4127,선정릉,9호선(연장),37.5103,127.044,2025-03-18 13:34:27
660,4128,삼성중앙,9호선(연장),37.513,127.053,2025-03-18 13:34:27
661,4129,봉은사,9호선(연장),37.5142,127.06,2025-03-18 13:34:27
662,4130,종합운동장,9호선(연장),37.5114,127.076,2025-03-18 13:34:27
663,4131,삼전,9호선(연장),37.5047,127.088,2025-03-18 13:34:27
664,4132,석촌고분,9호선(연장),37.5026,127.097,2025-03-18 13:34:27
665,4133,석촌,9호선(연장),37.5052,127.107,2025-03-18 13:34:27
666,4134,송파나루,9호선(연장),37.5104,127.112,2025-03-18 13:34:28
667,4135,한성백제,9호선(연장),37.5164,127.117,2025-03-18 13:34:28
668,4136,올림픽공원(한국체대),9호선(연장),37.5163,127.13,2025-03-18 13:34:28
669,4137,둔촌오륜,9호선(연장),37.5197,127.138,2025-03-18 13:34:28
670,4138,중앙보훈병원,9호선(연장),37.5292,127.149,2025-03-18 13:34:28
671,4201,서울역,공항철도1호선,37.5532,126.97,2025-03-18 13:34:28
672,4202,공덕,공항철도1호선,37.5425,126.952,2025-03-18 13:34:28
673,4203,홍대입구,공항철도1호선,37.5574,126.927,2025-03-18 13:34:28
674,4204,디지털미디어시티,공항철도1호선,37.577,126.899,2025-03-18 13:34:28
675,4206,마곡나루,공항철도1호선,37.5655,126.827,2025-03-18 13:34:28
676,4207,김포공항,공항철도1호선,37.5618,126.802,2025-03-18 13:34:28
677,4208,계양,공항철도1호선,37.5717,126.736,2025-03-18 13:34:28
678,4209,검암,공항철도1호선,37.5691,126.674,2025-03-18 13:34:28
679,4210,청라국제도시,공항철도1호선,37.5564,126.625,2025-03-18 13:34:28
680,4211,운서,공항철도1호선,37.4929,126.494,2025-03-18 13:34:28
681,4212,공항화물청사,공항철도1호선,37.459,126.478,2025-03-18 13:34:28
682,4213,인천공항1터미널,공항철도1호선,37.4475,126.453,2025-03-18 13:34:28
683,4215,인천공항2터미널,공항철도1호선,37.4607,126.441,2025-03-18 13:34:28
684,4217,영종,공항철도1호선,37.512,126.524,2025-03-18 13:34:28
685,4304,신사,신분당선(연장2),37.5163,127.02,2025-03-18 13:34:28
686,4305,논현,신분당선(연장2),37.5111,127.021,2025-03-18 13:34:28
687,4306,신논현,신분당선(연장2),37.5046,127.025,2025-03-18 13:34:28
688,4307,강남,신분당선,37.4968,127.028,2025-03-18 13:34:28
689,4308,양재(서초구청),신분당선,37.4838,127.035,2025-03-18 13:34:29
690,4309,양재시민의숲(매헌),신분당선,37.47,127.038,2025-03-18 13:34:29
691,4310,청계산입구,신분당선,37.4472,127.056,2025-03-18 13:34:29
692,4311,판교,신분당선,37.3948,127.112,2025-03-18 13:34:29
693,4312,정자,신분당선,37.3671,127.108,2025-03-18 13:34:29
694,4313,미금,신분당선(연장),37.35,127.109,2025-03-18 13:34:29
695,4314,동천,신분당선(연장),37.3379,127.103,2025-03-18 13:34:29
696,4315,수지구청,신분당선(연장),37.3227,127.095,2025-03-18 13:34:29
697,4316,성복,신분당선(연장),37.3133,127.08,2025-03-18 13:34:29
698,4317,상현,신분당선(연장),37.2977,127.069,2025-03-18 13:34:29
699,4318,광교중앙(아주대),신분당선(연장),37.2886,127.051,2025-03-18 13:34:29
700,4319,광교(경기대),신분당선(연장),37.3021,127.044,2025-03-18 13:34:29
701,4401,샛강,신림선,37.5171,126.929,2025-03-18 13:34:29
702,4402,대방,신림선,37.5133,126.926,2025-03-18 13:34:29
703,4403,서울지방병무청,신림선,37.506,126.923,2025-03-18 13:34:29
704,4404,보라매,신림선,37.5003,126.92,2025-03-18 13:34:29
705,4405,보라매공원,신림선,37.4956,126.918,2025-03-18 13:34:29
706,4406,보라매병원,신림선,37.493,126.924,2025-03-18 13:34:29
707,4407,당곡,신림선,37.4903,126.928,2025-03-18 13:34:29
708,4408,신림,신림선,37.4849,126.93,2025-03-18 13:34:29
709,4409,서원,신림선,37.4782,126.933,2025-03-18 13:34:29
710,4410,서울대벤처타운,신림선,37.472,126.934,2025-03-18 13:34:29
711,4411,관악산(서울대),신림선,37.4691,126.945,2025-03-18 13:34:29
712,4501,기흥,에버라인선,37.2754,127.117,2025-03-18 13:34:29
713,4502,강남대,에버라인선,37.2702,127.126,2025-03-18 13:34:30
714,4503,지석,에버라인선,37.2696,127.137,2025-03-18 13:34:30
715,4504,어정,에버라인선,37.2749,127.144,2025-03-18 13:34:30
716,4505,동백,에버라인선,37.269,127.153,2025-03-18 13:34:30
717,4506,초당,에버라인선,37.2608,127.159,2025-03-18 13:34:30
718,4508,삼가,에버라인선,37.2421,127.168,2025-03-18 13:34:30
719,4509,시청.용인대,에버라인선,37.2392,127.178,2025-03-18 13:34:30
720,4510,명지대,에버라인선,37.238,127.19,2025-03-18 13:34:30
721,4511,김량장,에버라인선,37.2372,127.199,2025-03-18 13:34:30
722,4512,운동장.송담대,에버라인선,37.2378,127.209,2025-03-18 13:34:30
723,4513,고진,에버라인선,37.2448,127.214,2025-03-18 13:34:30
724,4514,보평,에버라인선,37.259,127.218,2025-03-18 13:34:30
725,4515,둔전,에버라인선,37.2671,127.214,2025-03-18 13:34:30
726,4517,전대.에버랜드,에버라인선,37.2853,127.22,2025-03-18 13:34:30
727,4601,발곡,의정부선,37.727,127.053,2025-03-18 13:34:30
728,4602,회룡,의정부선,37.725,127.047,2025-03-18 13:34:30
729,4603,범골,의정부선,37.7288,127.044,2025-03-18 13:34:30
730,4604,경전철의정부,의정부선,37.7372,127.043,2025-03-18 13:34:30
731,4605,의정부시청,의정부선,37.7393,127.035,2025-03-18 13:34:30
732,4606,흥선,의정부선,37.7433,127.037,2025-03-18 13:34:30
733,4607,의정부중앙,의정부선,37.7437,127.05,2025-03-18 13:34:30
734,4608,동오,의정부선,37.7453,127.057,2025-03-18 13:34:30
735,4609,새말,의정부선,37.7489,127.064,2025-03-18 13:34:30
736,4610,경기도청북부청사,의정부선,37.7506,127.071,2025-03-18 13:34:30
737,4611,효자,의정부선,37.754,127.077,2025-03-18 13:34:30
738,4612,곤제,의정부선,37.7505,127.084,2025-03-18 13:34:31
739,4613,어룡,의정부선,37.7428,127.085,2025-03-18 13:34:31
740,4614,송산,의정부선,37.7373,127.087,2025-03-18 13:34:31
741,4615,탑석,의정부선,37.7336,127.089,2025-03-18 13:34:31
742,4701,북한산우이,우이신설선,37.6629,127.013,2025-03-18 13:34:31
743,4702,솔밭공원,우이신설선,37.656,127.013,2025-03-18 13:34:31
744,4703,4.19민주묘지,우이신설선,37.6495,127.014,2025-03-18 13:34:31
745,4704,가오리,우이신설선,37.6415,127.017,2025-03-18 13:34:31
746,4705,화계,우이신설선,37.6341,127.018,2025-03-18 13:34:31
747,4706,삼양,우이신설선,37.6269,127.018,2025-03-18 13:34:31
748,4707,삼양사거리,우이신설선,37.6213,127.02,2025-03-18 13:34:31
749,4708,솔샘,우이신설선,37.6202,127.014,2025-03-18 13:34:31
750,4709,북한산보국문,우이신설선,37.6121,127.008,2025-03-18 13:34:31
751,4710,정릉,우이신설선,37.6031,127.013,2025-03-18 13:34:31
752,4711,성신여대입구(돈암),우이신설선,37.5925,127.017,2025-03-18 13:34:31
753,4712,보문,우이신설선,37.5853,127.019,2025-03-18 13:34:31
754,4713,신설동,우이신설선,37.5761,127.023,2025-03-18 13:34:31
755,4804,소사,서해선,37.4833,126.795,2025-03-18 13:34:31
756,4805,소새울,서해선,37.4685,126.797,2025-03-18 13:34:31
757,4806,시흥대야,서해선,37.4501,126.793,2025-03-18 13:34:31
758,4807,신천,서해선,37.4391,126.787,2025-03-18 13:34:31
759,4808,신현,서해선,37.409,126.788,2025-03-18 13:34:32
760,4809,시흥시청,서해선,37.3822,126.806,2025-03-18 13:34:32
761,4810,시흥능곡,서해선,37.3699,126.809,2025-03-18 13:34:32
762,4811,달미,서해선,37.3488,126.809,2025-03-18 13:34:32
763,4812,선부,서해선,37.3344,126.81,2025-03-18 13:34:32
764,4813,초지,서해선,37.3196,126.808,2025-03-18 13:34:32
765,4814,원곡,서해선,37.3132,126.796,2025-03-18 13:34:32
766,4815,원시,서해선,37.3024,126.787,2025-03-18 13:34:32
767,4920,양촌,김포골드라인,37.6424,126.614,2025-03-18 13:34:32
768,4921,구래,김포골드라인,37.6454,126.629,2025-03-18 13:34:32
769,4922,마산,김포골드라인,37.6407,126.644,2025-03-18 13:34:32
770,4923,장기,김포골드라인,37.644,126.669,2025-03-18 13:34:32
771,4924,운양,김포골드라인,37.6539,126.684,2025-03-18 13:34:32
772,4925,걸포북변,김포골드라인,37.6316,126.706,2025-03-18 13:34:32
773,4926,사우(김포시청),김포골드라인,37.6203,126.72,2025-03-18 13:34:32
774,4927,풍무,김포골드라인,37.6125,126.732,2025-03-18 13:34:32
775,4928,고촌,김포골드라인,37.6012,126.77,2025-03-18 13:34:32
776,4929,김포공항,김포골드라인,37.5624,126.802,2025-03-18 13:34:32
777,9000,운정,수도권 광역급행철도,37.7161,126.728,2025-03-18 13:34:32
778,9001,킨텍스,수도권 광역급행철도,37.6653,126.748,2025-03-18 13:34:32
779,9002,대곡,수도권 광역급행철도,37.6319,126.811,2025-03-18 13:34:32
780,9004,연신내,수도권 광역급행철도,37.6188,126.921,2025-03-18 13:34:33
781,9005,서울,수도권 광역급행철도,37.5557,126.973,2025-03-18 13:34:33
782,9006,삼성,수도권 광역급행철도,37.5089,127.063,2025-03-18 13:34:33
783,9007,수서,수도권 광역급행철도,37.4864,127.102,2025-03-18 13:34:33
784,9008,성남,수도권 광역급행철도,37.3947,127.121,2025-03-18 13:34:33
785,9009,구성,수도권 광역급행철도,37.2991,127.104,2025-03-18 13:34:33
786,9010,동탄,수도권 광역급행철도,37.2003,127.096,2025-03-18 13:34:33
787,9995,강일,5호선,37.5575,127.176,2025-03-18 13:34:33
788,9996,미사,5호선,37.5609,127.194,2025-03-18 13:34:33
789,150,서울역,1호선,37.5546,126.973,2025-03-28 01:53:36
790,150,서울역,1호선,37.5546,126.973,2025-03-28 01:53:36
791,150,서울역,1호선,37.5546,126.973,2025-03-28 01:53:36
792,150,서울역,1호선,37.5546,126.973,2025-03-28 01:53:36
793,151,시청,1호선,37.5647,126.977,2025-03-28 01:53:37
794,151,시청,1호선,37.5647,126.977,2025-03-28 01:53:37
795,151,시청,1호선,37.5647,126.977,2025-03-28 01:53:37
796,151,시청,1호선,37.5647,126.977,2025-03-28 01:53:37
797,152,종각,1호선,37.5702,126.983,2025-03-28 01:53:37
798,153,종로3가,1호선,37.5716,126.992,2025-03-28 01:53:37
799,154,종로5가,1호선,37.5709,127.002,2025-03-28 01:53:37
800,155,동대문,1호선,37.5714,127.01,2025-03-28 01:53:37
801,156,신설동,1호선,37.5753,127.025,2025-03-28 01:53:37
802,157,제기동,1호선,37.5781,127.035,2025-03-28 01:53:37
803,158,청량리(서울시립대입구),1호선,37.5802,127.047,2025-03-28 01:53:37
804,159,동묘앞,1호선,37.5726,127.016,2025-03-28 01:53:37
805,152,종각,1호선,37.5702,126.983,2025-03-28 01:53:37
806,153,종로3가,1호선,37.5716,126.992,2025-03-28 01:53:37
807,154,종로5가,1호선,37.5709,127.002,2025-03-28 01:53:37
808,155,동대문,1호선,37.5714,127.01,2025-03-28 01:53:37
809,156,신설동,1호선,37.5753,127.025,2025-03-28 01:53:37
810,157,제기동,1호선,37.5781,127.035,2025-03-28 01:53:37
811,158,청량리(서울시립대입구),1호선,37.5802,127.047,2025-03-28 01:53:37
812,159,동묘앞,1호선,37.5726,127.016,2025-03-28 01:53:37
813,152,종각,1호선,37.5702,126.983,2025-03-28 01:53:37
814,153,종로3가,1호선,37.5716,126.992,2025-03-28 01:53:37
815,154,종로5가,1호선,37.5709,127.002,2025-03-28 01:53:37
816,155,동대문,1호선,37.5714,127.01,2025-03-28 01:53:37
817,156,신설동,1호선,37.5753,127.025,2025-03-28 01:53:37
818,157,제기동,1호선,37.5781,127.035,2025-03-28 01:53:37
819,158,청량리(서울시립대입구),1호선,37.5802,127.047,2025-03-28 01:53:37
820,159,동묘앞,1호선,37.5726,127.016,2025-03-28 01:53:37
821,152,종각,1호선,37.5702,126.983,2025-03-28 01:53:37
822,153,종로3가,1호선,37.5716,126.992,2025-03-28 01:53:37
823,154,종로5가,1호선,37.5709,127.002,2025-03-28 01:53:37
824,155,동대문,1호선,37.5714,127.01,2025-03-28 01:53:37
825,156,신설동,1호선,37.5753,127.025,2025-03-28 01:53:37
826,157,제기동,1호선,37.5781,127.035,2025-03-28 01:53:37
827,158,청량리(서울시립대입구),1호선,37.5802,127.047,2025-03-28 01:53:37
828,159,동묘앞,1호선,37.5726,127.016,2025-03-28 01:53:37
829,201,시청,2호선,37.5647,126.977,2025-03-28 01:53:44
830,202,을지로입구,2호선,37.566,126.983,2025-03-28 01:53:44
831,203,을지로3가,2호선,37.5663,126.992,2025-03-28 01:53:44
832,204,을지로4가,2호선,37.5669,126.998,2025-03-28 01:53:44
833,205,동대문역사문화공원,2호선,37.5651,127.008,2025-03-28 01:53:44
834,206,신당,2호선,37.566,127.018,2025-03-28 01:53:44
835,207,상왕십리,2호선,37.5644,127.029,2025-03-28 01:53:44
836,208,왕십리(성동구청),2호선,37.5615,127.038,2025-03-28 01:53:44
837,209,한양대,2호선,37.5553,127.044,2025-03-28 01:53:44
838,210,뚝섬,2호선,37.5472,127.047,2025-03-28 01:53:44
839,211,성수,2호선,37.5446,127.056,2025-03-28 01:53:44
840,212,건대입구,2호선,37.5407,127.07,2025-03-28 01:53:44
841,213,구의(광진구청),2호선,37.5371,127.086,2025-03-28 01:53:44
842,214,강변(동서울터미널),2호선,37.5351,127.095,2025-03-28 01:53:44
843,215,잠실나루,2호선,37.5207,127.104,2025-03-28 01:53:44
844,216,잠실(송파구청),2호선,37.514,127.102,2025-03-28 01:53:44
845,217,잠실새내,2호선,37.5117,127.086,2025-03-28 01:53:44
846,218,종합운동장,2호선,37.511,127.074,2025-03-28 01:53:44
847,219,삼성(무역센터),2호선,37.5088,127.063,2025-03-28 01:53:44
848,220,선릉,2호선,37.5045,127.049,2025-03-28 01:53:44
849,221,역삼,2호선,37.5006,127.036,2025-03-28 01:53:44
850,222,강남,2호선,37.4972,127.028,2025-03-28 01:53:44
851,223,교대(법원.검찰청),2호선,37.4934,127.014,2025-03-28 01:53:44
852,224,서초,2호선,37.4919,127.008,2025-03-28 01:53:44
853,225,방배,2호선,37.4814,126.998,2025-03-28 01:53:44
854,226,사당,2호선,37.4765,126.982,2025-03-28 01:53:44
855,227,낙성대,2호선,37.4769,126.964,2025-03-28 01:53:44
856,228,서울대입구(관악구청),2호선,37.4812,126.953,2025-03-28 01:53:44
857,229,봉천,2호선,37.4824,126.942,2025-03-28 01:53:44
858,230,신림,2호선,37.4842,126.93,2025-03-28 01:53:44
859,231,신대방,2호선,37.4875,126.913,2025-03-28 01:53:44
860,232,구로디지털단지,2호선,37.4853,126.901,2025-03-28 01:53:44
861,233,대림(구로구청),2호선,37.493,126.896,2025-03-28 01:53:44
862,234,신도림,2호선,37.5087,126.891,2025-03-28 01:53:44
863,235,문래,2호선,37.5179,126.895,2025-03-28 01:53:44
864,236,영등포구청,2호선,37.525,126.896,2025-03-28 01:53:44
865,237,당산,2호선,37.5344,126.902,2025-03-28 01:53:45
866,238,합정,2호선,37.5495,126.914,2025-03-28 01:53:45
867,239,홍대입구,2호선,37.5572,126.925,2025-03-28 01:53:45
868,240,신촌,2호선,37.5551,126.937,2025-03-28 01:53:45
869,241,이대,2호선,37.5567,126.946,2025-03-28 01:53:45
870,242,아현,2호선,37.5573,126.956,2025-03-28 01:53:45
871,243,충정로(경기대입구),2호선,37.56,126.964,2025-03-28 01:53:45
872,244,용답,2호선,37.5619,127.051,2025-03-28 01:53:45
873,245,신답,2호선,37.57,127.046,2025-03-28 01:53:45
874,246,신설동,2호선,37.5753,127.025,2025-03-28 01:53:45
875,247,도림천,2호선,37.5143,126.883,2025-03-28 01:53:45
876,248,양천구청,2호선,37.5124,126.866,2025-03-28 01:53:45
877,249,신정네거리,2호선,37.5201,126.853,2025-03-28 01:53:45
878,250,용두(동대문구청),2호선,37.574,127.038,2025-03-28 01:53:45
879,201,시청,2호선,37.5647,126.977,2025-03-28 01:53:44
880,202,을지로입구,2호선,37.566,126.983,2025-03-28 01:53:44
881,203,을지로3가,2호선,37.5663,126.992,2025-03-28 01:53:44
882,204,을지로4가,2호선,37.5669,126.998,2025-03-28 01:53:44
883,205,동대문역사문화공원,2호선,37.5651,127.008,2025-03-28 01:53:44
884,206,신당,2호선,37.566,127.018,2025-03-28 01:53:44
885,207,상왕십리,2호선,37.5644,127.029,2025-03-28 01:53:44
886,208,왕십리(성동구청),2호선,37.5615,127.038,2025-03-28 01:53:44
887,209,한양대,2호선,37.5553,127.044,2025-03-28 01:53:44
888,210,뚝섬,2호선,37.5472,127.047,2025-03-28 01:53:44
889,211,성수,2호선,37.5446,127.056,2025-03-28 01:53:44
890,212,건대입구,2호선,37.5407,127.07,2025-03-28 01:53:44
891,213,구의(광진구청),2호선,37.5371,127.086,2025-03-28 01:53:44
892,214,강변(동서울터미널),2호선,37.5351,127.095,2025-03-28 01:53:44
893,215,잠실나루,2호선,37.5207,127.104,2025-03-28 01:53:44
894,216,잠실(송파구청),2호선,37.514,127.102,2025-03-28 01:53:44
895,217,잠실새내,2호선,37.5117,127.086,2025-03-28 01:53:44
896,218,종합운동장,2호선,37.511,127.074,2025-03-28 01:53:44
897,219,삼성(무역센터),2호선,37.5088,127.063,2025-03-28 01:53:44
898,220,선릉,2호선,37.5045,127.049,2025-03-28 01:53:44
899,221,역삼,2호선,37.5006,127.036,2025-03-28 01:53:44
900,222,강남,2호선,37.4972,127.028,2025-03-28 01:53:44
901,223,교대(법원.검찰청),2호선,37.4934,127.014,2025-03-28 01:53:44
902,224,서초,2호선,37.4919,127.008,2025-03-28 01:53:44
903,225,방배,2호선,37.4814,126.998,2025-03-28 01:53:44
904,226,사당,2호선,37.4765,126.982,2025-03-28 01:53:44
905,227,낙성대,2호선,37.4769,126.964,2025-03-28 01:53:44
906,228,서울대입구(관악구청),2호선,37.4812,126.953,2025-03-28 01:53:44
907,229,봉천,2호선,37.4824,126.942,2025-03-28 01:53:44
908,230,신림,2호선,37.4842,126.93,2025-03-28 01:53:44
909,231,신대방,2호선,37.4875,126.913,2025-03-28 01:53:44
910,232,구로디지털단지,2호선,37.4853,126.901,2025-03-28 01:53:44
911,233,대림(구로구청),2호선,37.493,126.896,2025-03-28 01:53:44
912,234,신도림,2호선,37.5087,126.891,2025-03-28 01:53:44
913,235,문래,2호선,37.5179,126.895,2025-03-28 01:53:44
914,236,영등포구청,2호선,37.525,126.896,2025-03-28 01:53:45
915,237,당산,2호선,37.5344,126.902,2025-03-28 01:53:45
916,238,합정,2호선,37.5495,126.914,2025-03-28 01:53:45
917,239,홍대입구,2호선,37.5572,126.925,2025-03-28 01:53:45
918,240,신촌,2호선,37.5551,126.937,2025-03-28 01:53:45
919,241,이대,2호선,37.5567,126.946,2025-03-28 01:53:45
920,242,아현,2호선,37.5573,126.956,2025-03-28 01:53:45
921,243,충정로(경기대입구),2호선,37.56,126.964,2025-03-28 01:53:45
922,244,용답,2호선,37.5619,127.051,2025-03-28 01:53:45
923,245,신답,2호선,37.57,127.046,2025-03-28 01:53:45
924,246,신설동,2호선,37.5753,127.025,2025-03-28 01:53:45
925,247,도림천,2호선,37.5143,126.883,2025-03-28 01:53:45
926,248,양천구청,2호선,37.5124,126.866,2025-03-28 01:53:45
927,249,신정네거리,2호선,37.5201,126.853,2025-03-28 01:53:45
928,250,용두(동대문구청),2호선,37.574,127.038,2025-03-28 01:53:45
929,201,시청,2호선,37.5647,126.977,2025-03-28 01:53:44
930,202,을지로입구,2호선,37.566,126.983,2025-03-28 01:53:44
931,203,을지로3가,2호선,37.5663,126.992,2025-03-28 01:53:44
932,204,을지로4가,2호선,37.5669,126.998,2025-03-28 01:53:44
933,205,동대문역사문화공원,2호선,37.5651,127.008,2025-03-28 01:53:44
934,206,신당,2호선,37.566,127.018,2025-03-28 01:53:44
935,207,상왕십리,2호선,37.5644,127.029,2025-03-28 01:53:44
936,208,왕십리(성동구청),2호선,37.5615,127.038,2025-03-28 01:53:44
937,209,한양대,2호선,37.5553,127.044,2025-03-28 01:53:44
938,210,뚝섬,2호선,37.5472,127.047,2025-03-28 01:53:44
939,211,성수,2호선,37.5446,127.056,2025-03-28 01:53:44
940,212,건대입구,2호선,37.5407,127.07,2025-03-28 01:53:44
941,213,구의(광진구청),2호선,37.5371,127.086,2025-03-28 01:53:44
942,214,강변(동서울터미널),2호선,37.5351,127.095,2025-03-28 01:53:44
943,215,잠실나루,2호선,37.5207,127.104,2025-03-28 01:53:44
944,216,잠실(송파구청),2호선,37.514,127.102,2025-03-28 01:53:44
945,217,잠실새내,2호선,37.5117,127.086,2025-03-28 01:53:44
946,218,종합운동장,2호선,37.511,127.074,2025-03-28 01:53:44
947,219,삼성(무역센터),2호선,37.5088,127.063,2025-03-28 01:53:44
948,220,선릉,2호선,37.5045,127.049,2025-03-28 01:53:44
949,221,역삼,2호선,37.5006,127.036,2025-03-28 01:53:44
950,222,강남,2호선,37.4972,127.028,2025-03-28 01:53:44
951,223,교대(법원.검찰청),2호선,37.4934,127.014,2025-03-28 01:53:44
952,224,서초,2호선,37.4919,127.008,2025-03-28 01:53:44
953,225,방배,2호선,37.4814,126.998,2025-03-28 01:53:44
954,226,사당,2호선,37.4765,126.982,2025-03-28 01:53:44
955,227,낙성대,2호선,37.4769,126.964,2025-03-28 01:53:44
956,228,서울대입구(관악구청),2호선,37.4812,126.953,2025-03-28 01:53:44
957,229,봉천,2호선,37.4824,126.942,2025-03-28 01:53:44
958,230,신림,2호선,37.4842,126.93,2025-03-28 01:53:44
959,231,신대방,2호선,37.4875,126.913,2025-03-28 01:53:44
960,232,구로디지털단지,2호선,37.4853,126.901,2025-03-28 01:53:44
961,233,대림(구로구청),2호선,37.493,126.896,2025-03-28 01:53:44
962,234,신도림,2호선,37.5087,126.891,2025-03-28 01:53:44
963,235,문래,2호선,37.5179,126.895,2025-03-28 01:53:44
964,236,영등포구청,2호선,37.525,126.896,2025-03-28 01:53:45
965,237,당산,2호선,37.5344,126.902,2025-03-28 01:53:45
966,238,합정,2호선,37.5495,126.914,2025-03-28 01:53:45
967,239,홍대입구,2호선,37.5572,126.925,2025-03-28 01:53:45
968,240,신촌,2호선,37.5551,126.937,2025-03-28 01:53:45
969,241,이대,2호선,37.5567,126.946,2025-03-28 01:53:45
970,242,아현,2호선,37.5573,126.956,2025-03-28 01:53:45
971,243,충정로(경기대입구),2호선,37.56,126.964,2025-03-28 01:53:45
972,244,용답,2호선,37.5619,127.051,2025-03-28 01:53:45
973,245,신답,2호선,37.57,127.046,2025-03-28 01:53:45
974,246,신설동,2호선,37.5753,127.025,2025-03-28 01:53:45
975,247,도림천,2호선,37.5143,126.883,2025-03-28 01:53:45
976,248,양천구청,2호선,37.5124,126.866,2025-03-28 01:53:45
977,249,신정네거리,2호선,37.5201,126.853,2025-03-28 01:53:45
978,250,용두(동대문구청),2호선,37.574,127.038,2025-03-28 01:53:45
979,201,시청,2호선,37.5647,126.977,2025-03-28 01:53:44
980,202,을지로입구,2호선,37.566,126.983,2025-03-28 01:53:44
981,203,을지로3가,2호선,37.5663,126.992,2025-03-28 01:53:44
982,204,을지로4가,2호선,37.5669,126.998,2025-03-28 01:53:44
983,205,동대문역사문화공원,2호선,37.5651,127.008,2025-03-28 01:53:44
984,206,신당,2호선,37.566,127.018,2025-03-28 01:53:44
985,207,상왕십리,2호선,37.5644,127.029,2025-03-28 01:53:44
986,208,왕십리(성동구청),2호선,37.5615,127.038,2025-03-28 01:53:44
987,209,한양대,2호선,37.5553,127.044,2025-03-28 01:53:44
988,210,뚝섬,2호선,37.5472,127.047,2025-03-28 01:53:44
989,211,성수,2호선,37.5446,127.056,2025-03-28 01:53:44
990,212,건대입구,2호선,37.5407,127.07,2025-03-28 01:53:44
991,213,구의(광진구청),2호선,37.5371,127.086,2025-03-28 01:53:44
992,214,강변(동서울터미널),2호선,37.5351,127.095,2025-03-28 01:53:44
993,215,잠실나루,2호선,37.5207,127.104,2025-03-28 01:53:44
994,216,잠실(송파구청),2호선,37.514,127.102,2025-03-28 01:53:44
995,217,잠실새내,2호선,37.5117,127.086,2025-03-28 01:53:44
996,218,종합운동장,2호선,37.511,127.074,2025-03-28 01:53:44
997,219,삼성(무역센터),2호선,37.5088,127.063,2025-03-28 01:53:44
998,220,선릉,2호선,37.5045,127.049,2025-03-28 01:53:44
999,221,역삼,2호선,37.5006,127.036,2025-03-28 01:53:44
1000,222,강남,2호선,37.4972,127.028,2025-03-28 01:53:44
1001,223,교대(법원.검찰청),2호선,37.4934,127.014,2025-03-28 01:53:44
1002,224,서초,2호선,37.4919,127.008,2025-03-28 01:53:44
1003,225,방배,2호선,37.4814,126.998,2025-03-28 01:53:44
1004,226,사당,2호선,37.4765,126.982,2025-03-28 01:53:44
1005,227,낙성대,2호선,37.4769,126.964,2025-03-28 01:53:44
1006,228,서울대입구(관악구청),2호선,37.4812,126.953,2025-03-28 01:53:44
1007,229,봉천,2호선,37.4824,126.942,2025-03-28 01:53:44
1008,230,신림,2호선,37.4842,126.93,2025-03-28 01:53:44
1009,231,신대방,2호선,37.4875,126.913,2025-03-28 01:53:44
1010,232,구로디지털단지,2호선,37.4853,126.901,2025-03-28 01:53:44
1011,233,대림(구로구청),2호선,37.493,126.896,2025-03-28 01:53:44
1012,234,신도림,2호선,37.5087,126.891,2025-03-28 01:53:44
1013,235,문래,2호선,37.5179,126.895,2025-03-28 01:53:45
1014,236,영등포구청,2호선,37.525,126.896,2025-03-28 01:53:45
1015,237,당산,2호선,37.5344,126.902,2025-03-28 01:53:45
1016,238,합정,2호선,37.5495,126.914,2025-03-28 01:53:45
1017,239,홍대입구,2호선,37.5572,126.925,2025-03-28 01:53:45
1018,240,신촌,2호선,37.5551,126.937,2025-03-28 01:53:45
1019,241,이대,2호선,37.5567,126.946,2025-03-28 01:53:45
1020,242,아현,2호선,37.5573,126.956,2025-03-28 01:53:45
1021,243,충정로(경기대입구),2호선,37.56,126.964,2025-03-28 01:53:45
1022,244,용답,2호선,37.5619,127.051,2025-03-28 01:53:45
1023,245,신답,2호선,37.57,127.046,2025-03-28 01:53:45
1024,246,신설동,2호선,37.5753,127.025,2025-03-28 01:53:45
1025,247,도림천,2호선,37.5143,126.883,2025-03-28 01:53:45
1026,248,양천구청,2호선,37.5124,126.866,2025-03-28 01:53:45
1027,249,신정네거리,2호선,37.5201,126.853,2025-03-28 01:53:45
1028,250,용두(동대문구청),2호선,37.574,127.038,2025-03-28 01:53:45
1029,309,지축,3호선,37.648,126.914,2025-03-28 01:53:53
1030,310,구파발,3호선,37.6368,126.919,2025-03-28 01:53:53
1031,311,연신내,3호선,37.619,126.921,2025-03-28 01:53:53
1032,312,불광,3호선,37.6105,126.93,2025-03-28 01:53:53
1033,313,녹번,3호선,37.6009,126.936,2025-03-28 01:53:54
1034,314,홍제,3호선,37.5891,126.944,2025-03-28 01:53:54
1035,315,무악재,3호선,37.5823,126.95,2025-03-28 01:53:54
1036,316,독립문,3호선,37.5746,126.958,2025-03-28 01:53:54
1037,317,경복궁(정부서울청사),3호선,37.5758,126.974,2025-03-28 01:53:54
1038,318,안국,3호선,37.5765,126.985,2025-03-28 01:53:54
1039,319,종로3가,3호선,37.5716,126.992,2025-03-28 01:53:54
1040,320,을지로3가,3호선,37.5663,126.992,2025-03-28 01:53:54
1041,321,충무로,3호선,37.5612,126.994,2025-03-28 01:53:55
1042,322,동대입구,3호선,37.5591,127.006,2025-03-28 01:53:55
1043,323,약수,3호선,37.5543,127.011,2025-03-28 01:53:55
1044,324,금호,3호선,37.548,127.016,2025-03-28 01:53:55
1045,325,옥수,3호선,37.5407,127.018,2025-03-28 01:53:55
1046,326,압구정,3호선,37.5271,127.028,2025-03-28 01:53:55
1047,327,신사,3호선,37.5163,127.02,2025-03-28 01:53:55
1048,328,잠원,3호선,37.5128,127.011,2025-03-28 01:53:55
1049,329,고속터미널,3호선,37.5048,127.005,2025-03-28 01:53:55
1050,330,교대(법원.검찰청),3호선,37.4934,127.014,2025-03-28 01:53:55
1051,331,남부터미널(예술의전당),3호선,37.485,127.016,2025-03-28 01:53:55
1052,332,양재(서초구청),3호선,37.4841,127.035,2025-03-28 01:53:55
1053,333,매봉,3호선,37.4869,127.047,2025-03-28 01:53:56
1054,334,도곡,3호선,37.4909,127.055,2025-03-28 01:53:56
1055,335,대치,3호선,37.4946,127.064,2025-03-28 01:53:56
1056,336,학여울,3호선,37.4967,127.071,2025-03-28 01:53:56
1057,337,대청,3호선,37.4935,127.08,2025-03-28 01:53:56
1058,338,일원,3호선,37.4837,127.084,2025-03-28 01:53:56
1059,339,수서,3호선,37.4874,127.102,2025-03-28 01:53:56
1060,340,가락시장,3호선,37.4925,127.118,2025-03-28 01:53:56
1061,341,경찰병원,3호선,37.4959,127.125,2025-03-28 01:53:56
1062,342,오금,3호선,37.5022,127.128,2025-03-28 01:53:56
1063,405,진접,진접선,37.7205,127.203,2025-03-28 01:53:56
1064,406,오남,진접선,37.705,127.193,2025-03-28 01:53:56
1065,408,별내별가람,진접선,37.6678,127.116,2025-03-28 01:53:56
1066,409,당고개,4호선,37.6703,127.079,2025-03-28 01:53:56
1067,410,상계,4호선,37.6609,127.074,2025-03-28 01:53:56
1068,411,노원,4호선,37.6551,127.061,2025-03-28 01:53:57
1069,412,창동,4호선,37.6532,127.048,2025-03-28 01:53:57
1070,413,쌍문,4호선,37.6486,127.035,2025-03-28 01:53:58
1071,414,수유(강북구청),4호선,37.6381,127.026,2025-03-28 01:53:58
1072,415,미아(서울사이버대학),4호선,37.6267,127.026,2025-03-28 01:53:58
1073,416,미아사거리,4호선,37.6133,127.03,2025-03-28 01:53:58
1074,417,길음,4호선,37.6034,127.025,2025-03-28 01:53:58
1075,418,성신여대입구(돈암),4호선,37.5926,127.016,2025-03-28 01:53:58
1076,419,한성대입구(삼선교),4호선,37.5885,127.006,2025-03-28 01:53:58
1077,420,혜화,4호선,37.5823,127.002,2025-03-28 01:53:58
1078,421,동대문,4호선,37.5714,127.01,2025-03-28 01:53:59
1079,422,동대문역사문화공원,4호선,37.5651,127.008,2025-03-28 01:53:59
1080,423,충무로,4호선,37.5612,126.994,2025-03-28 01:53:59
1081,424,명동,4호선,37.561,126.986,2025-03-28 01:53:59
1082,425,회현(남대문시장),4호선,37.5585,126.978,2025-03-28 01:53:59
1083,426,서울역,4호선,37.5546,126.973,2025-03-28 01:53:59
1084,427,숙대입구(갈월),4호선,37.5446,126.972,2025-03-28 01:53:59
1085,428,삼각지,4호선,37.5348,126.973,2025-03-28 01:53:59
1086,429,신용산,4호선,37.5292,126.968,2025-03-28 01:53:59
1087,430,이촌(국립중앙박물관),4호선,37.5223,126.974,2025-03-28 01:53:59
1088,431,동작(현충원),4호선,37.503,126.979,2025-03-28 01:53:59
1089,432,총신대입구(이수),4호선,37.4863,126.982,2025-03-28 01:54:00
1090,433,사당,4호선,37.4765,126.982,2025-03-28 01:54:00
1091,434,남태령,4호선,37.4639,126.989,2025-03-28 01:54:00
