41,2025010100,2025,01,01,00,서울,-1.2,0.7,60,
42,2025010101,2025,01,01,01,서울,-1.7,1.1,62,
43,2025010102,2025,01,01,02,서울,-1.8,0.5,64,
44,2025010103,2025,01,01,03,서울,-2,1.9,66,
45,2025010104,2025,01,01,04,서울,-2.3,2.2,67,
46,2025010105,2025,01,01,05,서울,-2.5,2,69,
47,2025010106,2025,01,01,06,서울,-1.9,2.1,68,
48,2025010107,2025,01,01,07,서울,-1.3,2.7,68,
49,2025010108,2025,01,01,08,서울,-0.8,2.4,68,
50,2025010109,2025,01,01,09,서울,-0.1,1.7,68,
51,2025010110,2025,01,01,10,서울,1.2,1.6,66,
52,2025010111,2025,01,01,11,서울,3.1,1.6,60,
53,2025010112,2025,01,01,12,서울,6.7,2.1,55,
54,2025010113,2025,01,01,13,서울,7.8,3.3,51,
55,2025010114,2025,01,01,14,서울,7.7,3.9,54,
56,2025010115,2025,01,01,15,서울,8.5,4.7,52,
57,2025010116,2025,01,01,16,서울,8.4,4.2,50,
58,2025010117,2025,01,01,17,서울,7.1,2.4,53,
59,2025010118,2025,01,01,18,서울,5.6,2.9,59,
60,2025010119,2025,01,01,19,서울,4.7,1.7,64,
61,2025010120,2025,01,01,20,서울,3.8,2.2,73,
62,2025010121,2025,01,01,21,서울,3.3,1,74,
63,2025010122,2025,01,01,22,서울,3,2,72,
64,2025010123,2025,01,01,23,서울,1.9,1.2,71,
65,2025010200,2025,01,02,00,서울,0.7,1.5,72,
66,2025010201,2025,01,02,01,서울,0.4,1.4,74,
67,2025010202,2025,01,02,02,서울,-0.7,1.2,75,
68,2025010203,2025,01,02,03,서울,-1.4,1.6,70,
69,2025010204,2025,01,02,04,서울,-1.5,2,72,
70,2025010205,2025,01,02,05,서울,-2.3,1.1,73,
71,2025010206,2025,01,02,06,서울,-2.5,0.9,74,
72,2025010207,2025,01,02,07,서울,-2.5,2.8,74,
73,2025010208,2025,01,02,08,서울,-2.8,0.8,67,
74,2025010209,2025,01,02,09,서울,-2.3,0.8,66,
75,2025010210,2025,01,02,10,서울,-0.3,1.7,56,
76,2025010211,2025,01,02,11,서울,1.9,2.4,41,
77,2025010212,2025,01,02,12,서울,3.5,2.8,39,
78,2025010213,2025,01,02,13,서울,4.8,3.6,29,
79,2025010214,2025,01,02,14,서울,5.2,3.3,25,
80,2025010215,2025,01,02,15,서울,5.9,2.1,27,
81,2025010216,2025,01,02,16,서울,5.4,3.2,26,
82,2025010217,2025,01,02,17,서울,4.1,2.6,28,
83,2025010218,2025,01,02,18,서울,2.7,2,31,
84,2025010219,2025,01,02,19,서울,1.8,2,32,
85,2025010220,2025,01,02,20,서울,1,1.7,34,
86,2025010221,2025,01,02,21,서울,0,0.4,37,
87,2025010222,2025,01,02,22,서울,-0.2,2.6,40,
88,2025010223,2025,01,02,23,서울,-0.8,3.2,45,
89,2025010300,2025,01,03,00,서울,-2,3.2,46,
90,2025010301,2025,01,03,01,서울,-2.8,2.3,48,
91,2025010302,2025,01,03,02,서울,-3.5,2,49,
92,2025010303,2025,01,03,03,서울,-3.7,2.7,49,
93,2025010304,2025,01,03,04,서울,-4.5,1.3,51,
94,2025010305,2025,01,03,05,서울,-4.8,1,52,
95,2025010306,2025,01,03,06,서울,-5.1,1.3,55,
96,2025010307,2025,01,03,07,서울,-4.9,1.8,57,
97,2025010308,2025,01,03,08,서울,-4.7,1.5,54,
98,2025010309,2025,01,03,09,서울,-4.1,2.2,50,
99,2025010310,2025,01,03,10,서울,-2.6,2.4,40,
100,2025010311,2025,01,03,11,서울,-0.1,1,36,
101,2025010312,2025,01,03,12,서울,1.9,2.4,30,
102,2025010313,2025,01,03,13,서울,2.3,2.4,29,
103,2025010314,2025,01,03,14,서울,2.7,2.6,34,
104,2025010315,2025,01,03,15,서울,2.2,2.7,38,
105,2025010316,2025,01,03,16,서울,3.1,3.5,39,
106,2025010317,2025,01,03,17,서울,2.1,2.9,44,
107,2025010318,2025,01,03,18,서울,1.2,2.5,63,
108,2025010319,2025,01,03,19,서울,0.9,2.3,67,
109,2025010320,2025,01,03,20,서울,0.4,1.9,66,
110,2025010321,2025,01,03,21,서울,0.5,1.5,70,0
111,2025010322,2025,01,03,22,서울,0.4,3.2,71,
112,2025010323,2025,01,03,23,서울,-0.7,4.2,70,
113,2025010400,2025,01,04,00,서울,-1.9,3.6,61,0
114,2025010401,2025,01,04,01,서울,-2.6,2.5,58,
115,2025010402,2025,01,04,02,서울,-3,3.1,58,
116,2025010403,2025,01,04,03,서울,-3.5,1.9,61,
117,2025010404,2025,01,04,04,서울,-4.2,1.5,62,
118,2025010405,2025,01,04,05,서울,-4.3,0.9,59,
119,2025010406,2025,01,04,06,서울,-4.9,1,60,
120,2025010407,2025,01,04,07,서울,-5.1,0.5,63,
121,2025010408,2025,01,04,08,서울,-5.4,1.8,61,
122,2025010409,2025,01,04,09,서울,-4.7,1.4,66,
123,2025010410,2025,01,04,10,서울,-1.7,2.3,63,
124,2025010411,2025,01,04,11,서울,0.7,0.8,47,
125,2025010412,2025,01,04,12,서울,3.3,1.7,41,
126,2025010413,2025,01,04,13,서울,3.7,2.2,31,
127,2025010414,2025,01,04,14,서울,5.1,2.7,29,
128,2025010415,2025,01,04,15,서울,5.5,1.5,26,
129,2025010416,2025,01,04,16,서울,4.8,2.5,29,
130,2025010417,2025,01,04,17,서울,3.6,1.8,36,
131,2025010418,2025,01,04,18,서울,3,1.8,39,
132,2025010419,2025,01,04,19,서울,2.4,2.1,38,
133,2025010420,2025,01,04,20,서울,1.3,1,45,
134,2025010421,2025,01,04,21,서울,0.8,1.7,48,
135,2025010422,2025,01,04,22,서울,0.4,1.7,50,
136,2025010423,2025,01,04,23,서울,0,1.3,52,
137,2025010500,2025,01,05,00,서울,-0.3,2.1,56,
138,2025010501,2025,01,05,01,서울,-0.6,2.3,57,
139,2025010502,2025,01,05,02,서울,-0.6,1.8,60,
140,2025010503,2025,01,05,03,서울,0.1,2.2,61,0
141,2025010504,2025,01,05,04,서울,0.6,2.7,62,
142,2025010505,2025,01,05,05,서울,0.7,2.3,60,
143,2025010506,2025,01,05,06,서울,0.5,2.6,72,0.3
144,2025010507,2025,01,05,07,서울,-0.2,2.5,87,
145,2025010508,2025,01,05,08,서울,-0.2,1.9,91,
146,2025010509,2025,01,05,09,서울,-0.3,2,92,4.1
147,2025010510,2025,01,05,10,서울,-0.1,2.6,93,
148,2025010511,2025,01,05,11,서울,0.4,1.9,94,
149,2025010512,2025,01,05,12,서울,0.6,2.3,93,1.3
150,2025010513,2025,01,05,13,서울,0.8,1.8,93,
151,2025010514,2025,01,05,14,서울,1.2,2.6,93,
152,2025010515,2025,01,05,15,서울,1.8,3.1,91,1
153,2025010516,2025,01,05,16,서울,1.8,2.9,91,
154,2025010517,2025,01,05,17,서울,1.9,2.8,90,
155,2025010518,2025,01,05,18,서울,1.9,2.8,90,
156,2025010519,2025,01,05,19,서울,2.1,2.7,90,
157,2025010520,2025,01,05,20,서울,2.2,2.8,90,
158,2025010521,2025,01,05,21,서울,2.2,2.6,90,
159,2025010522,2025,01,05,22,서울,2.4,2.6,90,
160,2025010523,2025,01,05,23,서울,2.4,2.3,90,
161,2025010600,2025,01,06,00,서울,2.4,2.2,91,
162,2025010601,2025,01,06,01,서울,2.5,2.3,90,
163,2025010602,2025,01,06,02,서울,2.9,4.7,94,
164,2025010603,2025,01,06,03,서울,2.7,1,92,1.2
165,2025010604,2025,01,06,04,서울,2.4,0.6,93,
166,2025010605,2025,01,06,05,서울,2.3,2.4,94,
167,2025010606,2025,01,06,06,서울,2.2,2.1,95,1.8
168,2025010607,2025,01,06,07,서울,2.2,0.3,94,
169,2025010608,2025,01,06,08,서울,2.3,1.5,94,
170,2025010609,2025,01,06,09,서울,2.5,2,95,0
171,2025010610,2025,01,06,10,서울,2.1,3.6,92,
172,2025010611,2025,01,06,11,서울,2.3,3.1,85,
173,2025010612,2025,01,06,12,서울,2.7,3.6,73,0
174,2025010613,2025,01,06,13,서울,2.9,3.8,68,
175,2025010614,2025,01,06,14,서울,2.7,3.9,65,
176,2025010615,2025,01,06,15,서울,2.4,4,64,
177,2025010616,2025,01,06,16,서울,2,3.6,62,
178,2025010617,2025,01,06,17,서울,1.2,4.5,65,
179,2025010618,2025,01,06,18,서울,0.2,3.6,66,
180,2025010619,2025,01,06,19,서울,-0.7,2.9,65,
181,2025010620,2025,01,06,20,서울,-1.3,3.3,64,
182,2025010621,2025,01,06,21,서울,-1.8,3,59,
183,2025010622,2025,01,06,22,서울,-2.4,4.5,57,
184,2025010623,2025,01,06,23,서울,-2.8,2.5,61,
185,2025010700,2025,01,07,00,서울,-3,2.9,61,
186,2025010701,2025,01,07,01,서울,-3.2,3.1,55,
187,2025010702,2025,01,07,02,서울,-3.6,3.9,50,
188,2025010703,2025,01,07,03,서울,-3.9,3.5,51,
189,2025010704,2025,01,07,04,서울,-4.2,3.4,53,
190,2025010705,2025,01,07,05,서울,-4.4,2.2,53,
191,2025010706,2025,01,07,06,서울,-5,1.9,55,
192,2025010707,2025,01,07,07,서울,-5.1,2.1,54,
193,2025010708,2025,01,07,08,서울,-5.7,0.7,56,
194,2025010709,2025,01,07,09,서울,-5.1,1.2,55,
195,2025010710,2025,01,07,10,서울,-3.3,2.2,46,
196,2025010711,2025,01,07,11,서울,-1.4,2.8,41,
197,2025010712,2025,01,07,12,서울,-0.6,4.4,38,
198,2025010713,2025,01,07,13,서울,0.7,3,40,
199,2025010714,2025,01,07,14,서울,1,4.5,45,
200,2025010715,2025,01,07,15,서울,0.7,5.4,51,
201,2025010716,2025,01,07,16,서울,0,3.8,52,
202,2025010717,2025,01,07,17,서울,-0.4,3.7,57,
203,2025010718,2025,01,07,18,서울,-1,4.2,66,0
204,2025010719,2025,01,07,19,서울,-1.4,2.2,69,
205,2025010720,2025,01,07,20,서울,-1.7,2.5,69,
206,2025010721,2025,01,07,21,서울,-1.9,3.3,53,0.1
207,2025010722,2025,01,07,22,서울,-2.7,1.8,56,
208,2025010723,2025,01,07,23,서울,-3.9,0.2,58,
209,2025010800,2025,01,08,00,서울,-4.3,0.6,59,
210,2025010801,2025,01,08,01,서울,-4.4,0.7,63,
211,2025010802,2025,01,08,02,서울,-4.7,1.4,65,
212,2025010803,2025,01,08,03,서울,-4.1,1.2,66,
213,2025010804,2025,01,08,04,서울,-4.3,0.7,67,
214,2025010805,2025,01,08,05,서울,-4.4,1.7,67,
215,2025010806,2025,01,08,06,서울,-4.5,1,65,
216,2025010807,2025,01,08,07,서울,-4.5,0.9,62,
217,2025010808,2025,01,08,08,서울,-4.8,1.2,63,
218,2025010809,2025,01,08,09,서울,-4.1,1.1,53,
219,2025010810,2025,01,08,10,서울,-2.9,1.9,49,
220,2025010811,2025,01,08,11,서울,-1.8,2.5,44,
221,2025010812,2025,01,08,12,서울,-1,2.6,46,
222,2025010813,2025,01,08,13,서울,-0.3,2.8,44,
223,2025010814,2025,01,08,14,서울,-0.1,3.7,44,
224,2025010815,2025,01,08,15,서울,0.1,3,45,
225,2025010816,2025,01,08,16,서울,-0.1,4.9,44,
226,2025010817,2025,01,08,17,서울,-1,5.4,42,
227,2025010818,2025,01,08,18,서울,-2,4.4,45,
228,2025010819,2025,01,08,19,서울,-2.9,4.9,51,
229,2025010820,2025,01,08,20,서울,-4.1,4.3,57,
230,2025010821,2025,01,08,21,서울,-5.2,4.4,56,
231,2025010822,2025,01,08,22,서울,-5.8,2.9,57,
232,2025010823,2025,01,08,23,서울,-5.7,3.7,59,
233,2025010900,2025,01,09,00,서울,-6.1,4,65,0
234,2025010901,2025,01,09,01,서울,-7.5,5.7,51,
235,2025010902,2025,01,09,02,서울,-8.2,2.3,49,
236,2025010903,2025,01,09,03,서울,-8.4,4.1,39,0
237,2025010904,2025,01,09,04,서울,-8.8,4.1,35,
238,2025010905,2025,01,09,05,서울,-9.2,3.6,36,
239,2025010906,2025,01,09,06,서울,-9.5,4.2,37,
240,2025010907,2025,01,09,07,서울,-9.8,3.3,39,
241,2025010908,2025,01,09,08,서울,-10.1,3.8,41,
242,2025010909,2025,01,09,09,서울,-10.1,4.8,42,
243,2025010910,2025,01,09,10,서울,-9.4,5.4,40,
244,2025010911,2025,01,09,11,서울,-8.5,6,39,
245,2025010912,2025,01,09,12,서울,-8.1,5.2,34,
246,2025010913,2025,01,09,13,서울,-8.5,7.2,36,
247,2025010914,2025,01,09,14,서울,-8.1,5.5,33,
248,2025010915,2025,01,09,15,서울,-8,5.3,33,
249,2025010916,2025,01,09,16,서울,-8.6,6.2,34,
250,2025010917,2025,01,09,17,서울,-9.4,4.2,37,
251,2025010918,2025,01,09,18,서울,-10.3,3.8,35,
252,2025010919,2025,01,09,19,서울,-10.6,3.5,39,
253,2025010920,2025,01,09,20,서울,-11.1,1.7,40,
254,2025010921,2025,01,09,21,서울,-11.4,1.7,42,
255,2025010922,2025,01,09,22,서울,-11.3,2.5,42,
256,2025010923,2025,01,09,23,서울,-11.4,2.3,43,
257,2025011000,2025,01,10,00,서울,-11.6,0.7,45,
258,2025011001,2025,01,10,01,서울,-11.7,1.1,45,
259,2025011002,2025,01,10,02,서울,-11.7,1.3,46,
260,2025011003,2025,01,10,03,서울,-11.6,1.5,47,
261,2025011004,2025,01,10,04,서울,-11.6,2.2,49,
262,2025011005,2025,01,10,05,서울,-11.6,2.6,49,
263,2025011006,2025,01,10,06,서울,-11.5,2.5,49,
264,2025011007,2025,01,10,07,서울,-12,0.9,52,
265,2025011008,2025,01,10,08,서울,-12.1,1.3,52,
266,2025011009,2025,01,10,09,서울,-11.2,1.3,50,
267,2025011010,2025,01,10,10,서울,-8.8,1.5,48,
268,2025011011,2025,01,10,11,서울,-7.8,2.6,46,
269,2025011012,2025,01,10,12,서울,-5.4,1.8,44,
270,2025011013,2025,01,10,13,서울,-4.4,1.6,42,
271,2025011014,2025,01,10,14,서울,-3.4,1.2,38,
272,2025011015,2025,01,10,15,서울,-2,2,36,
273,2025011016,2025,01,10,16,서울,-2.3,2.1,36,
274,2025011017,2025,01,10,17,서울,-3,2.1,42,
275,2025011018,2025,01,10,18,서울,-4.2,1.4,45,
276,2025011019,2025,01,10,19,서울,-5.2,1.6,47,
277,2025011020,2025,01,10,20,서울,-5.7,0.7,50,
278,2025011021,2025,01,10,21,서울,-6.1,0.9,54,
279,2025011022,2025,01,10,22,서울,-5.9,0.9,56,
280,2025011023,2025,01,10,23,서울,-6,1,59,
281,2025011100,2025,01,11,00,서울,-6.1,1.5,59,
282,2025011101,2025,01,11,01,서울,-6.4,1.6,63,
283,2025011102,2025,01,11,02,서울,-7,0.6,64,
284,2025011103,2025,01,11,03,서울,-7.5,0.8,66,
285,2025011104,2025,01,11,04,서울,-8.1,1.1,67,
286,2025011105,2025,01,11,05,서울,-8.5,1.5,71,
287,2025011106,2025,01,11,06,서울,-9,1.6,72,
288,2025011107,2025,01,11,07,서울,-9.2,2.6,72,
289,2025011108,2025,01,11,08,서울,-9.4,2.4,73,
290,2025011109,2025,01,11,09,서울,-8.7,2,71,
291,2025011110,2025,01,11,10,서울,-6.3,2.3,62,
292,2025011111,2025,01,11,11,서울,-4.4,2.2,55,
293,2025011112,2025,01,11,12,서울,-2.7,1,51,
294,2025011113,2025,01,11,13,서울,-0.5,1.5,45,
295,2025011114,2025,01,11,14,서울,-0.9,2.7,39,
296,2025011115,2025,01,11,15,서울,0.3,3.4,37,
297,2025011116,2025,01,11,16,서울,-0.6,2,38,
298,2025011117,2025,01,11,17,서울,-1.4,2.1,40,
299,2025011118,2025,01,11,18,서울,-2.5,1.9,45,
300,2025011119,2025,01,11,19,서울,-3.3,2.6,53,
301,2025011120,2025,01,11,20,서울,-4,1.2,56,
302,2025011121,2025,01,11,21,서울,-5,0.4,55,
303,2025011122,2025,01,11,22,서울,-5.4,0.8,57,
304,2025011123,2025,01,11,23,서울,-6,1.4,61,
305,2025011200,2025,01,12,00,서울,-6,0.7,62,
306,2025011201,2025,01,12,01,서울,-6.1,1.6,61,
307,2025011202,2025,01,12,02,서울,-6.4,1.8,65,
308,2025011203,2025,01,12,03,서울,-6.8,1.8,67,
309,2025011204,2025,01,12,04,서울,-7.1,2.1,68,
310,2025011205,2025,01,12,05,서울,-7.5,2,70,
311,2025011206,2025,01,12,06,서울,-7.7,2.2,72,
312,2025011207,2025,01,12,07,서울,-8,2.1,73,
313,2025011208,2025,01,12,08,서울,-8.2,2.6,75,
314,2025011209,2025,01,12,09,서울,-7.7,1.9,74,
315,2025011210,2025,01,12,10,서울,-5.5,2.4,68,
316,2025011211,2025,01,12,11,서울,-3,1.4,59,
317,2025011212,2025,01,12,12,서울,-1,1.1,51,
318,2025011213,2025,01,12,13,서울,1.2,0.9,41,
319,2025011214,2025,01,12,14,서울,1.9,2.1,38,
320,2025011215,2025,01,12,15,서울,1.6,2.5,42,
321,2025011216,2025,01,12,16,서울,1.8,2.2,43,
322,2025011217,2025,01,12,17,서울,1.1,2.5,45,
323,2025011218,2025,01,12,18,서울,-0.2,1.4,50,
324,2025011219,2025,01,12,19,서울,-0.9,1.4,53,
325,2025011220,2025,01,12,20,서울,-1.5,1.2,54,
326,2025011221,2025,01,12,21,서울,-2.5,1.2,59,
327,2025011222,2025,01,12,22,서울,-3.2,1,64,
328,2025011223,2025,01,12,23,서울,-3.2,1.7,65,
329,2025011300,2025,01,13,00,서울,-3.3,1.6,64,
330,2025011301,2025,01,13,01,서울,-4.1,1.2,67,
331,2025011302,2025,01,13,02,서울,-4.5,1.1,68,
332,2025011303,2025,01,13,03,서울,-4.7,1.1,70,
333,2025011304,2025,01,13,04,서울,-5.1,1.6,73,
334,2025011305,2025,01,13,05,서울,-5.3,2.4,75,
335,2025011306,2025,01,13,06,서울,-5.6,1.8,76,
336,2025011307,2025,01,13,07,서울,-5.1,2.3,77,
337,2025011308,2025,01,13,08,서울,-4.2,2.2,74,
338,2025011309,2025,01,13,09,서울,-3.4,2,74,0
339,2025011310,2025,01,13,10,서울,-2.2,2.9,73,
340,2025011311,2025,01,13,11,서울,-0.8,2.7,67,
341,2025011312,2025,01,13,12,서울,1.1,2.4,60,0
342,2025011313,2025,01,13,13,서울,2.6,1.3,58,
343,2025011314,2025,01,13,14,서울,3.9,2.6,59,
344,2025011315,2025,01,13,15,서울,3.9,4,62,0
345,2025011316,2025,01,13,16,서울,3.5,2.7,71,
346,2025011317,2025,01,13,17,서울,2.1,1.1,87,
347,2025011318,2025,01,13,18,서울,2,0.5,89,1
348,2025011319,2025,01,13,19,서울,1.6,1.4,91,
349,2025011320,2025,01,13,20,서울,1.6,2.2,92,
350,2025011321,2025,01,13,21,서울,1.6,1.3,91,0.3
351,2025011322,2025,01,13,22,서울,1.6,1.4,90,
352,2025011323,2025,01,13,23,서울,1.8,1.2,91,
353,2025011400,2025,01,14,00,서울,1.7,1.5,93,0
354,2025011401,2025,01,14,01,서울,1.7,1.5,93,
355,2025011402,2025,01,14,02,서울,1.8,0.6,92,
356,2025011403,2025,01,14,03,서울,1.8,1.7,92,0
357,2025011404,2025,01,14,04,서울,1.8,1.8,93,
358,2025011405,2025,01,14,05,서울,2,0.7,91,
359,2025011406,2025,01,14,06,서울,1.7,1.6,93,0.1
360,2025011407,2025,01,14,07,서울,1.1,1.9,93,
361,2025011408,2025,01,14,08,서울,0.8,2,94,
362,2025011409,2025,01,14,09,서울,1.2,2.3,97,
363,2025011410,2025,01,14,10,서울,1.8,1.8,97,
364,2025011411,2025,01,14,11,서울,3,1.5,96,
365,2025011412,2025,01,14,12,서울,5,1.8,89,
366,2025011413,2025,01,14,13,서울,5,3.6,71,
367,2025011414,2025,01,14,14,서울,4.7,2.9,64,
368,2025011415,2025,01,14,15,서울,4.8,2.9,51,
369,2025011416,2025,01,14,16,서울,4.8,2.4,48,
370,2025011417,2025,01,14,17,서울,4.3,3.7,51,
371,2025011418,2025,01,14,18,서울,3.8,3,55,
372,2025011419,2025,01,14,19,서울,3.2,2.6,51,
373,2025011420,2025,01,14,20,서울,2.5,1.9,51,
374,2025011421,2025,01,14,21,서울,1.6,4.2,49,
375,2025011422,2025,01,14,22,서울,0.1,2.5,42,
376,2025011423,2025,01,14,23,서울,-1.1,3.2,48,
377,2025011500,2025,01,15,00,서울,-1.7,3.2,50,
378,2025011501,2025,01,15,01,서울,-2.2,2.7,53,
379,2025011502,2025,01,15,02,서울,-2.9,2,55,
380,2025011503,2025,01,15,03,서울,-3.3,1.5,56,
381,2025011504,2025,01,15,04,서울,-3.6,3.9,50,
382,2025011505,2025,01,15,05,서울,-4.3,2,50,
383,2025011506,2025,01,15,06,서울,-4.8,2.1,51,
384,2025011507,2025,01,15,07,서울,-5,2.1,50,
385,2025011508,2025,01,15,08,서울,-5.2,2.3,49,
386,2025011509,2025,01,15,09,서울,-4.6,3.5,45,
387,2025011510,2025,01,15,10,서울,-3.8,5.1,34,
388,2025011511,2025,01,15,11,서울,-3.2,3.7,33,
389,2025011512,2025,01,15,12,서울,-2.6,4.1,28,
390,2025011513,2025,01,15,13,서울,-1.6,4,28,
391,2025011514,2025,01,15,14,서울,-1.7,4.4,25,
392,2025011515,2025,01,15,15,서울,-0.9,3.8,25,
393,2025011516,2025,01,15,16,서울,-1,3.6,25,
394,2025011517,2025,01,15,17,서울,-1.9,3,28,
395,2025011518,2025,01,15,18,서울,-2.7,2.8,34,
396,2025011519,2025,01,15,19,서울,-3.2,2.6,40,
397,2025011520,2025,01,15,20,서울,-3.4,2.9,41,
398,2025011521,2025,01,15,21,서울,-4,1.1,39,
399,2025011522,2025,01,15,22,서울,-4.5,1.2,42,
400,2025011523,2025,01,15,23,서울,-5,1.8,47,
401,2025011600,2025,01,16,00,서울,-4.9,0.7,48,
402,2025011601,2025,01,16,01,서울,-4.4,0.9,48,
403,2025011602,2025,01,16,02,서울,-4,0.4,50,
404,2025011603,2025,01,16,03,서울,-3.8,1.8,52,0
405,2025011604,2025,01,16,04,서울,-3.6,1.7,54,
406,2025011605,2025,01,16,05,서울,-3.5,2.2,50,
407,2025011606,2025,01,16,06,서울,-3.4,2,50,
408,2025011607,2025,01,16,07,서울,-3.2,2.1,53,
409,2025011608,2025,01,16,08,서울,-2.9,2,55,
410,2025011609,2025,01,16,09,서울,-2.5,2.3,56,
411,2025011610,2025,01,16,10,서울,-2,1.5,57,
412,2025011611,2025,01,16,11,서울,-1,1.3,58,
413,2025011612,2025,01,16,12,서울,0.3,1.3,69,0
414,2025011613,2025,01,16,13,서울,1.4,2.3,68,
415,2025011614,2025,01,16,14,서울,2.5,3.1,64,
416,2025011615,2025,01,16,15,서울,2.8,3,63,
417,2025011616,2025,01,16,16,서울,2.6,3.6,69,
418,2025011617,2025,01,16,17,서울,2.5,1.9,72,
419,2025011618,2025,01,16,18,서울,2.5,2.5,74,0
420,2025011619,2025,01,16,19,서울,2,1.1,74,
421,2025011620,2025,01,16,20,서울,1.9,0.9,77,
422,2025011621,2025,01,16,21,서울,1.5,2.9,81,
423,2025011622,2025,01,16,22,서울,0.7,2.8,73,
424,2025011623,2025,01,16,23,서울,-0.3,2.8,75,
425,2025011700,2025,01,17,00,서울,-1.1,2.7,76,
426,2025011701,2025,01,17,01,서울,-1.8,1.4,75,
427,2025011702,2025,01,17,02,서울,-2.6,0.5,74,
428,2025011703,2025,01,17,03,서울,-3.3,1,78,
429,2025011704,2025,01,17,04,서울,-3.7,0.6,77,
430,2025011705,2025,01,17,05,서울,-3.9,1,74,
431,2025011706,2025,01,17,06,서울,-4.4,1.7,77,
432,2025011707,2025,01,17,07,서울,-4.5,1.4,79,
433,2025011708,2025,01,17,08,서울,-4.9,2.3,82,
434,2025011709,2025,01,17,09,서울,-4.4,2,85,
435,2025011710,2025,01,17,10,서울,-1.9,2.2,78,
436,2025011711,2025,01,17,11,서울,-0.1,2.6,67,
437,2025011712,2025,01,17,12,서울,1.8,1.6,63,
438,2025011713,2025,01,17,13,서울,4.5,1.7,53,
439,2025011714,2025,01,17,14,서울,5.1,2.7,47,
440,2025011715,2025,01,17,15,서울,4.6,2.6,40,
441,2025011716,2025,01,17,16,서울,5,2.5,36,
442,2025011717,2025,01,17,17,서울,4.2,2.8,33,
443,2025011718,2025,01,17,18,서울,2.8,2.5,38,
444,2025011719,2025,01,17,19,서울,1.8,3,47,
445,2025011720,2025,01,17,20,서울,0.8,2.6,51,
446,2025011721,2025,01,17,21,서울,0.1,2.2,56,
447,2025011722,2025,01,17,22,서울,-0.6,0.5,59,
448,2025011723,2025,01,17,23,서울,-1,0.9,61,
449,2025011800,2025,01,18,00,서울,-1.4,1.4,62,
450,2025011801,2025,01,18,01,서울,-1.8,1.3,63,
451,2025011802,2025,01,18,02,서울,-2.1,0.8,65,
452,2025011803,2025,01,18,03,서울,-2.2,1.7,62,
453,2025011804,2025,01,18,04,서울,-2.7,1.9,65,
454,2025011805,2025,01,18,05,서울,-3.2,1.8,68,
455,2025011806,2025,01,18,06,서울,-3.5,1.7,69,
456,2025011807,2025,01,18,07,서울,-3.6,2.1,69,
457,2025011808,2025,01,18,08,서울,-4,2.2,71,
458,2025011809,2025,01,18,09,서울,-2.8,1.1,69,
459,2025011810,2025,01,18,10,서울,-0.5,1.9,62,
460,2025011811,2025,01,18,11,서울,2.2,1.9,52,
461,2025011812,2025,01,18,12,서울,4.4,1.3,44,
462,2025011813,2025,01,18,13,서울,6.1,0.8,38,
463,2025011814,2025,01,18,14,서울,7.4,2.7,30,
464,2025011815,2025,01,18,15,서울,6.8,2.2,30,
465,2025011816,2025,01,18,16,서울,6.8,1.8,31,
466,2025011817,2025,01,18,17,서울,5.7,1.9,32,
467,2025011818,2025,01,18,18,서울,4.1,2.3,40,
468,2025011819,2025,01,18,19,서울,3.1,2.4,45,
469,2025011820,2025,01,18,20,서울,2.1,1,51,
470,2025011821,2025,01,18,21,서울,1.2,1.1,55,
471,2025011822,2025,01,18,22,서울,0.7,0.5,61,
472,2025011823,2025,01,18,23,서울,0.1,0.6,64,
473,2025011900,2025,01,19,00,서울,-0.2,1.6,64,
474,2025011901,2025,01,19,01,서울,-0.7,1.3,62,
475,2025011902,2025,01,19,02,서울,-1.1,2,65,
476,2025011903,2025,01,19,03,서울,-0.6,2.2,66,
477,2025011904,2025,01,19,04,서울,0,2.1,63,
478,2025011905,2025,01,19,05,서울,0.3,3,57,
479,2025011906,2025,01,19,06,서울,0.5,1.8,57,
480,2025011907,2025,01,19,07,서울,0.5,1.6,59,
481,2025011908,2025,01,19,08,서울,0.9,1.7,60,
482,2025011909,2025,01,19,09,서울,1.2,2.7,62,
483,2025011910,2025,01,19,10,서울,2.1,2.2,61,
484,2025011911,2025,01,19,11,서울,3.1,2.4,57,
485,2025011912,2025,01,19,12,서울,4.9,2.6,52,
486,2025011913,2025,01,19,13,서울,6.7,1.8,49,
487,2025011914,2025,01,19,14,서울,8.4,2.1,50,
488,2025011915,2025,01,19,15,서울,8.8,2.9,55,
489,2025011916,2025,01,19,16,서울,8.2,1.9,59,
490,2025011917,2025,01,19,17,서울,7.7,2.4,63,
491,2025011918,2025,01,19,18,서울,6.8,1.5,68,
492,2025011919,2025,01,19,19,서울,6,1.3,73,
493,2025011920,2025,01,19,20,서울,5.5,1,75,
494,2025011921,2025,01,19,21,서울,5.3,1.2,78,
495,2025011922,2025,01,19,22,서울,4.8,0.5,81,
496,2025011923,2025,01,19,23,서울,4.3,0.5,83,
497,2025012000,2025,01,20,00,서울,3.8,2.2,82,
498,2025012001,2025,01,20,01,서울,3.1,1.4,82,
499,2025012002,2025,01,20,02,서울,3,1.3,83,
500,2025012003,2025,01,20,03,서울,3.2,0.6,82,0
501,2025012004,2025,01,20,04,서울,3.4,1.4,82,
502,2025012005,2025,01,20,05,서울,3.6,1.5,80,
503,2025012006,2025,01,20,06,서울,3.7,1.8,80,
504,2025012007,2025,01,20,07,서울,3.3,1.4,81,
505,2025012008,2025,01,20,08,서울,3.1,1.7,82,
506,2025012009,2025,01,20,09,서울,3.3,0.8,82,
507,2025012010,2025,01,20,10,서울,4.3,2.6,77,
508,2025012011,2025,01,20,11,서울,4.6,1.8,77,
509,2025012012,2025,01,20,12,서울,5,2.4,69,
510,2025012013,2025,01,20,13,서울,6.1,1.7,65,
511,2025012014,2025,01,20,14,서울,7,2.1,58,
512,2025012015,2025,01,20,15,서울,7.3,1.9,55,
513,2025012016,2025,01,20,16,서울,7.2,1.6,52,
514,2025012017,2025,01,20,17,서울,6.1,2.2,54,
515,2025012018,2025,01,20,18,서울,4.8,1.9,61,
516,2025012019,2025,01,20,19,서울,3.9,1.3,66,
517,2025012020,2025,01,20,20,서울,2.9,1.4,70,
518,2025012021,2025,01,20,21,서울,2.6,1.5,74,
519,2025012022,2025,01,20,22,서울,1.9,1.7,76,
520,2025012023,2025,01,20,23,서울,1.4,1.3,79,
521,2025012100,2025,01,21,00,서울,0.9,1.3,82,
522,2025012101,2025,01,21,01,서울,0.7,1.4,83,
523,2025012102,2025,01,21,02,서울,0.4,1.4,83,
524,2025012103,2025,01,21,03,서울,0.2,1.6,85,
525,2025012104,2025,01,21,04,서울,-0.1,2,86,
526,2025012105,2025,01,21,05,서울,-0.3,1.5,87,
527,2025012106,2025,01,21,06,서울,-0.6,1.6,88,
528,2025012107,2025,01,21,07,서울,-0.7,1.6,89,
529,2025012108,2025,01,21,08,서울,-0.9,2,90,
530,2025012109,2025,01,21,09,서울,-0.3,1.8,90,
531,2025012110,2025,01,21,10,서울,1.1,1.2,87,
532,2025012111,2025,01,21,11,서울,3.2,1.8,81,
533,2025012112,2025,01,21,12,서울,4.8,2.3,77,
534,2025012113,2025,01,21,13,서울,5.5,2.3,74,
535,2025012114,2025,01,21,14,서울,6.3,1.8,67,
536,2025012115,2025,01,21,15,서울,6.1,1.6,65,
537,2025012116,2025,01,21,16,서울,5.7,2.3,68,
538,2025012117,2025,01,21,17,서울,5.2,1,70,
539,2025012118,2025,01,21,18,서울,4.2,0.5,73,
540,2025012119,2025,01,21,19,서울,3.2,1.6,79,
541,2025012120,2025,01,21,20,서울,2.7,1.4,80,
542,2025012121,2025,01,21,21,서울,2.2,0.4,82,
543,2025012122,2025,01,21,22,서울,2.2,0.5,79,
544,2025012123,2025,01,21,23,서울,2.3,1.2,78,
545,2025012200,2025,01,22,00,서울,2.4,2.1,78,
546,2025012201,2025,01,22,01,서울,2.5,1.7,77,
547,2025012202,2025,01,22,02,서울,2.4,1.5,77,
548,2025012203,2025,01,22,03,서울,2.2,1.7,78,
549,2025012204,2025,01,22,04,서울,2.3,1.8,78,
550,2025012205,2025,01,22,05,서울,2.4,2,78,
551,2025012206,2025,01,22,06,서울,3.2,1.8,83,
552,2025012207,2025,01,22,07,서울,3.4,2,84,
553,2025012208,2025,01,22,08,서울,2.9,0.9,85,
554,2025012209,2025,01,22,09,서울,3,1.3,88,
555,2025012210,2025,01,22,10,서울,3.4,2,87,
556,2025012211,2025,01,22,11,서울,3.9,1.4,82,
557,2025012212,2025,01,22,12,서울,5.7,1.7,75,
558,2025012213,2025,01,22,13,서울,6.7,1.9,65,
559,2025012214,2025,01,22,14,서울,7.3,2.8,44,
560,2025012215,2025,01,22,15,서울,7.5,2.9,49,
561,2025012216,2025,01,22,16,서울,7,3,43,
562,2025012217,2025,01,22,17,서울,6.1,2.7,45,
563,2025012218,2025,01,22,18,서울,4.6,2.4,52,
564,2025012219,2025,01,22,19,서울,3.4,2.3,59,
565,2025012220,2025,01,22,20,서울,2.6,1.8,60,
566,2025012221,2025,01,22,21,서울,1.8,1.7,61,
567,2025012222,2025,01,22,22,서울,1.7,2.2,72,
568,2025012223,2025,01,22,23,서울,1.3,1.8,76,
569,2025012300,2025,01,23,00,서울,0.5,0.7,76,
570,2025012301,2025,01,23,01,서울,-0.2,1.9,76,
571,2025012302,2025,01,23,02,서울,-0.6,1.7,77,
572,2025012303,2025,01,23,03,서울,-0.6,1.1,75,
573,2025012304,2025,01,23,04,서울,-1,1.6,78,
574,2025012305,2025,01,23,05,서울,-1.5,0.3,82,
575,2025012306,2025,01,23,06,서울,-1.8,1.3,82,
576,2025012307,2025,01,23,07,서울,-2.3,1.6,82,
577,2025012308,2025,01,23,08,서울,-2.1,1.4,80,
578,2025012309,2025,01,23,09,서울,-1.6,1.4,77,
579,2025012310,2025,01,23,10,서울,1.2,0.9,65,
580,2025012311,2025,01,23,11,서울,3,2.3,39,
581,2025012312,2025,01,23,12,서울,5.8,2.3,40,
582,2025012313,2025,01,23,13,서울,5.8,2.9,36,
583,2025012314,2025,01,23,14,서울,6.9,2.2,33,
584,2025012315,2025,01,23,15,서울,7.4,2.5,27,
585,2025012316,2025,01,23,16,서울,7.3,2.9,25,
586,2025012317,2025,01,23,17,서울,6.2,2.3,29,
587,2025012318,2025,01,23,18,서울,4.6,2.8,35,
588,2025012319,2025,01,23,19,서울,3.1,2.4,43,
589,2025012320,2025,01,23,20,서울,2.3,1.7,46,
590,2025012321,2025,01,23,21,서울,1.7,1.5,46,
591,2025012322,2025,01,23,22,서울,0.9,0.9,48,
592,2025012323,2025,01,23,23,서울,0.5,1.2,50,
593,2025012400,2025,01,24,00,서울,0.1,0.2,52,
594,2025012401,2025,01,24,01,서울,-0.5,1,54,
595,2025012402,2025,01,24,02,서울,-0.7,0.7,56,
596,2025012403,2025,01,24,03,서울,-1.2,0.7,60,
597,2025012404,2025,01,24,04,서울,-1.4,2,59,
598,2025012405,2025,01,24,05,서울,-1.8,1.9,63,
599,2025012406,2025,01,24,06,서울,-2.2,1.8,64,
600,2025012407,2025,01,24,07,서울,-2.3,1,64,
601,2025012408,2025,01,24,08,서울,-2.6,2.1,66,
602,2025012409,2025,01,24,09,서울,-2,2,65,
603,2025012410,2025,01,24,10,서울,1.8,2.1,52,
604,2025012411,2025,01,24,11,서울,4.2,0.6,44,
605,2025012412,2025,01,24,12,서울,6.4,1.7,33,
606,2025012413,2025,01,24,13,서울,7.9,1.3,30,
607,2025012414,2025,01,24,14,서울,9.2,1.9,33,
608,2025012415,2025,01,24,15,서울,9.7,0.7,29,
609,2025012416,2025,01,24,16,서울,10.3,2.2,28,
610,2025012417,2025,01,24,17,서울,9,2.8,24,
611,2025012418,2025,01,24,18,서울,7.4,2.5,29,
612,2025012419,2025,01,24,19,서울,6,0.9,35,
613,2025012420,2025,01,24,20,서울,4.7,1.2,40,
614,2025012421,2025,01,24,21,서울,4.1,0.7,43,
615,2025012422,2025,01,24,22,서울,3.3,0.4,44,
616,2025012423,2025,01,24,23,서울,2.7,1.9,42,
617,2025012500,2025,01,25,00,서울,2.6,2.1,44,
618,2025012501,2025,01,25,01,서울,2.3,2.5,49,
619,2025012502,2025,01,25,02,서울,2.2,2.9,54,
620,2025012503,2025,01,25,03,서울,2.1,2.3,57,
621,2025012504,2025,01,25,04,서울,1.5,2,61,
622,2025012505,2025,01,25,05,서울,1.6,2.7,65,
623,2025012506,2025,01,25,06,서울,1.3,2.7,68,
624,2025012507,2025,01,25,07,서울,1.9,3.5,70,
625,2025012508,2025,01,25,08,서울,2.3,3.9,70,
626,2025012509,2025,01,25,09,서울,3.6,3.2,66,
627,2025012510,2025,01,25,10,서울,6,4.1,58,
628,2025012511,2025,01,25,11,서울,7.8,3.1,51,
629,2025012512,2025,01,25,12,서울,9.2,3.5,46,
630,2025012513,2025,01,25,13,서울,10.1,2.8,42,
631,2025012514,2025,01,25,14,서울,11.2,2,39,
632,2025012515,2025,01,25,15,서울,9.8,3.7,37,
633,2025012516,2025,01,25,16,서울,9.3,2.2,38,
634,2025012517,2025,01,25,17,서울,9.7,3.6,37,
635,2025012518,2025,01,25,18,서울,7.8,2.3,40,
636,2025012519,2025,01,25,19,서울,6.7,3.9,45,
637,2025012520,2025,01,25,20,서울,5.6,3.7,48,
638,2025012521,2025,01,25,21,서울,4.7,3.5,51,
639,2025012522,2025,01,25,22,서울,4.4,4.2,53,
640,2025012523,2025,01,25,23,서울,3.9,4.4,55,
641,2025012600,2025,01,26,00,서울,3.4,3.8,57,
642,2025012601,2025,01,26,01,서울,3.2,4,58,
643,2025012602,2025,01,26,02,서울,3.2,2.6,56,
644,2025012603,2025,01,26,03,서울,3.1,3.4,55,
645,2025012604,2025,01,26,04,서울,3.1,3.3,54,
646,2025012605,2025,01,26,05,서울,2.7,3.4,56,
647,2025012606,2025,01,26,06,서울,2,3,58,
648,2025012607,2025,01,26,07,서울,1.9,3.9,60,
649,2025012608,2025,01,26,08,서울,2,4,59,
650,2025012609,2025,01,26,09,서울,2.5,3.9,58,
651,2025012610,2025,01,26,10,서울,3.7,3.4,53,
652,2025012611,2025,01,26,11,서울,5.6,2.9,47,
653,2025012612,2025,01,26,12,서울,6.6,1.6,43,
654,2025012613,2025,01,26,13,서울,7,2.8,41,
655,2025012614,2025,01,26,14,서울,7.5,2.7,39,
656,2025012615,2025,01,26,15,서울,7.2,1.6,39,
657,2025012616,2025,01,26,16,서울,6.9,2.4,41,
658,2025012617,2025,01,26,17,서울,6.4,2.8,42,
659,2025012618,2025,01,26,18,서울,5.8,3,45,
660,2025012619,2025,01,26,19,서울,5.2,2.6,47,
661,2025012620,2025,01,26,20,서울,4.7,2.7,49,
662,2025012621,2025,01,26,21,서울,4.5,2,51,
663,2025012622,2025,01,26,22,서울,4.6,1.5,51,
664,2025012623,2025,01,26,23,서울,5.2,4,52,
665,2025012700,2025,01,27,00,서울,5.1,2.6,55,
666,2025012701,2025,01,27,01,서울,4.3,2.9,67,
667,2025012702,2025,01,27,02,서울,3.1,1.6,84,
668,2025012703,2025,01,27,03,서울,3,1.8,87,0.2
669,2025012704,2025,01,27,04,서울,2.7,2.1,89,
670,2025012705,2025,01,27,05,서울,2.7,2.1,89,
671,2025012706,2025,01,27,06,서울,2.9,2.3,90,0.7
672,2025012707,2025,01,27,07,서울,1.9,2.8,92,
673,2025012708,2025,01,27,08,서울,1.3,3.2,94,
674,2025012709,2025,01,27,09,서울,0.5,2.9,92,3.3
675,2025012710,2025,01,27,10,서울,-0.7,4.7,86,
676,2025012711,2025,01,27,11,서울,-0.3,4.1,73,
677,2025012712,2025,01,27,12,서울,0,3.7,67,0.5
678,2025012713,2025,01,27,13,서울,1,2.4,63,
679,2025012714,2025,01,27,14,서울,1.3,3.4,56,
680,2025012715,2025,01,27,15,서울,0.4,5.8,71,0
681,2025012716,2025,01,27,16,서울,-0.8,3.2,88,
682,2025012717,2025,01,27,17,서울,-0.6,4.5,76,
683,2025012718,2025,01,27,18,서울,-1,3.7,73,0.8
684,2025012719,2025,01,27,19,서울,-1.4,3.6,67,
685,2025012720,2025,01,27,20,서울,-1.4,4.6,67,
686,2025012721,2025,01,27,21,서울,-1.5,3.6,68,0
687,2025012722,2025,01,27,22,서울,-1.7,3.2,72,
688,2025012723,2025,01,27,23,서울,-2.3,4.2,76,
689,2025012800,2025,01,28,00,서울,-2.7,4,75,0.1
690,2025012801,2025,01,28,01,서울,-2.7,5,72,
691,2025012802,2025,01,28,02,서울,-2.9,4,75,
692,2025012803,2025,01,28,03,서울,-3.3,5,80,0
693,2025012804,2025,01,28,04,서울,-3.7,3.8,76,
694,2025012805,2025,01,28,05,서울,-3.8,4.2,71,
695,2025012806,2025,01,28,06,서울,-3.9,4.7,71,0.1
696,2025012807,2025,01,28,07,서울,-4.2,3.9,77,
697,2025012808,2025,01,28,08,서울,-4.3,3.4,77,
698,2025012809,2025,01,28,09,서울,-4.1,4.6,76,0
699,2025012810,2025,01,28,10,서울,-3.5,5,74,
700,2025012811,2025,01,28,11,서울,-3.2,4.4,73,
701,2025012812,2025,01,28,12,서울,-3,5.2,72,0
702,2025012813,2025,01,28,13,서울,-3.2,5.1,74,
703,2025012814,2025,01,28,14,서울,-3,4.4,70,
704,2025012815,2025,01,28,15,서울,-2.6,5.2,59,0
705,2025012816,2025,01,28,16,서울,-2.9,4.9,62,
706,2025012817,2025,01,28,17,서울,-3.1,4.1,65,
707,2025012818,2025,01,28,18,서울,-4,3.2,65,0
708,2025012819,2025,01,28,19,서울,-4.7,3.4,70,
709,2025012820,2025,01,28,20,서울,-4.9,3.8,72,
710,2025012821,2025,01,28,21,서울,-4.9,2.9,70,0
711,2025012822,2025,01,28,22,서울,-5,3.3,70,
712,2025012823,2025,01,28,23,서울,-5.2,2.2,73,
713,2025012900,2025,01,29,00,서울,-5.2,2.5,77,0
714,2025012901,2025,01,29,01,서울,-5.1,2,78,
715,2025012902,2025,01,29,02,서울,-4.8,2.8,77,
716,2025012903,2025,01,29,03,서울,-4.7,3,81,0
717,2025012904,2025,01,29,04,서울,-5.2,3.3,82,
718,2025012905,2025,01,29,05,서울,-5.4,2.7,85,
719,2025012906,2025,01,29,06,서울,-5.8,3,84,0.2
720,2025012907,2025,01,29,07,서울,-6.2,2,80,
721,2025012908,2025,01,29,08,서울,-6.3,1.6,80,
722,2025012909,2025,01,29,09,서울,-6.4,2.3,80,0
723,2025012910,2025,01,29,10,서울,-5.3,2.6,73,
724,2025012911,2025,01,29,11,서울,-4.5,3.4,68,
725,2025012912,2025,01,29,12,서울,-3.6,3.6,62,0
726,2025012913,2025,01,29,13,서울,-2.1,4.4,51,
727,2025012914,2025,01,29,14,서울,-1.5,4.4,50,
728,2025012915,2025,01,29,15,서울,-2.3,4.5,54,
729,2025012916,2025,01,29,16,서울,-1.9,4.5,47,
730,2025012917,2025,01,29,17,서울,-2.5,3.3,45,
731,2025012918,2025,01,29,18,서울,-3.6,3.2,53,
732,2025012919,2025,01,29,19,서울,-4.3,2.8,56,
733,2025012920,2025,01,29,20,서울,-4.7,2.9,55,
734,2025012921,2025,01,29,21,서울,-5,3,57,
735,2025012922,2025,01,29,22,서울,-5.4,2.7,56,
736,2025012923,2025,01,29,23,서울,-5.4,2.8,59,
737,2025013000,2025,01,30,00,서울,-5.5,2.6,58,
738,2025013001,2025,01,30,01,서울,-5.9,2.5,61,
739,2025013002,2025,01,30,02,서울,-6.2,2.2,63,
740,2025013003,2025,01,30,03,서울,-6.6,0.9,63,
741,2025013004,2025,01,30,04,서울,-6.5,1.7,62,
742,2025013005,2025,01,30,05,서울,-7.1,1.2,62,
743,2025013006,2025,01,30,06,서울,-7.2,1.2,62,
744,2025013007,2025,01,30,07,서울,-7.3,1.7,61,
745,2025013008,2025,01,30,08,서울,-7.4,1.1,62,
746,2025013009,2025,01,30,09,서울,-7,1.2,63,
747,2025013010,2025,01,30,10,서울,-5.2,1.4,54,
748,2025013011,2025,01,30,11,서울,-3.4,1.2,47,
749,2025013012,2025,01,30,12,서울,-2.3,1.4,39,
750,2025013013,2025,01,30,13,서울,-1.2,2.8,34,
751,2025013014,2025,01,30,14,서울,-1.3,2.6,35,
752,2025013015,2025,01,30,15,서울,-1.3,1.9,33,
753,2025013016,2025,01,30,16,서울,-1.7,2.4,30,
754,2025013017,2025,01,30,17,서울,-1.7,2.1,32,
755,2025013018,2025,01,30,18,서울,-1.8,1.5,34,
756,2025013019,2025,01,30,19,서울,-1.8,1.2,36,
757,2025013020,2025,01,30,20,서울,-1.9,0.9,35,
758,2025013021,2025,01,30,21,서울,-2.1,1,38,
759,2025013022,2025,01,30,22,서울,-1.9,1,37,
760,2025013023,2025,01,30,23,서울,-2,1.3,40,
761,2025013100,2025,01,31,00,서울,-1.8,1.4,41,
762,2025013101,2025,01,31,01,서울,-1.6,1.6,41,
763,2025013102,2025,01,31,02,서울,-1.9,1.5,43,
764,2025013103,2025,01,31,03,서울,-1.7,1.9,46,0
765,2025013104,2025,01,31,04,서울,-1.9,1.4,55,
766,2025013105,2025,01,31,05,서울,-2.3,2.1,68,
767,2025013106,2025,01,31,06,서울,-2.5,1.2,72,0
768,2025013107,2025,01,31,07,서울,-2.6,2.5,77,
769,2025013108,2025,01,31,08,서울,-2.4,2.5,81,
770,2025013109,2025,01,31,09,서울,-2.1,2.5,82,0.1
771,2025013110,2025,01,31,10,서울,-1.9,2.6,83,
772,2025013111,2025,01,31,11,서울,-1.5,3.2,82,
773,2025013112,2025,01,31,12,서울,-0.9,2,79,0
774,2025013113,2025,01,31,13,서울,-0.6,1.6,81,
775,2025013114,2025,01,31,14,서울,-0.7,2.5,87,
776,2025013115,2025,01,31,15,서울,-0.4,2.9,90,1.4
777,2025013116,2025,01,31,16,서울,-0.2,2.5,90,
778,2025013117,2025,01,31,17,서울,-0.1,2.5,90,
779,2025013118,2025,01,31,18,서울,0,1.7,91,0.6
780,2025013119,2025,01,31,19,서울,0.2,1.5,92,
781,2025013120,2025,01,31,20,서울,0.3,1.2,92,
782,2025013121,2025,01,31,21,서울,0.4,2.1,91,0.3
783,2025013122,2025,01,31,22,서울,0.6,1.7,91,
784,2025013123,2025,01,31,23,서울,0.6,0.9,90,
785,2025020100,2025,02,01,00,서울,0.6,1.5,90,0
786,2025020101,2025,02,01,01,서울,0.4,1.2,90,
787,2025020102,2025,02,01,02,서울,-0.1,2.2,91,
788,2025020103,2025,02,01,03,서울,-0.5,0.8,91,
789,2025020104,2025,02,01,04,서울,-1,1.1,91,
790,2025020105,2025,02,01,05,서울,-1.4,1.4,91,
791,2025020106,2025,02,01,06,서울,-1.8,1.4,90,
792,2025020107,2025,02,01,07,서울,-2,1.8,89,
793,2025020108,2025,02,01,08,서울,-2,1.5,88,
794,2025020109,2025,02,01,09,서울,-1.6,1.7,88,
795,2025020110,2025,02,01,10,서울,-0.4,2.2,82,
796,2025020111,2025,02,01,11,서울,1.5,2.7,77,
797,2025020112,2025,02,01,12,서울,2.6,2.5,74,
798,2025020113,2025,02,01,13,서울,3.8,1.4,69,
799,2025020114,2025,02,01,14,서울,5.5,1.4,64,
800,2025020115,2025,02,01,15,서울,7.2,0.9,59,
801,2025020116,2025,02,01,16,서울,7.8,1.1,55,
802,2025020117,2025,02,01,17,서울,6.9,2.4,52,
803,2025020118,2025,02,01,18,서울,5,1.6,52,
804,2025020119,2025,02,01,19,서울,3.7,1.1,56,
805,2025020120,2025,02,01,20,서울,2.6,1.9,63,
806,2025020121,2025,02,01,21,서울,1.7,1.4,68,
807,2025020122,2025,02,01,22,서울,0.9,2,70,
808,2025020123,2025,02,01,23,서울,0.3,0.6,70,
809,2025020200,2025,02,02,00,서울,0,2.8,72,
810,2025020201,2025,02,02,01,서울,-0.4,0.7,75,
811,2025020202,2025,02,02,02,서울,-1.1,0.7,79,
812,2025020203,2025,02,02,03,서울,-1.3,0.9,82,
813,2025020204,2025,02,02,04,서울,-1.4,1.1,78,
814,2025020205,2025,02,02,05,서울,-1.8,1.6,81,
815,2025020206,2025,02,02,06,서울,-2.2,2.2,81,
816,2025020207,2025,02,02,07,서울,-2,0.3,83,
817,2025020208,2025,02,02,08,서울,-2.4,1.8,84,
818,2025020209,2025,02,02,09,서울,-1.5,1.6,84,
819,2025020210,2025,02,02,10,서울,1.1,0.5,74,
820,2025020211,2025,02,02,11,서울,4.2,1.9,66,
821,2025020212,2025,02,02,12,서울,4.9,2.2,58,
822,2025020213,2025,02,02,13,서울,5.2,3.1,54,
823,2025020214,2025,02,02,14,서울,6.4,3,50,
824,2025020215,2025,02,02,15,서울,6.6,2.8,42,
825,2025020216,2025,02,02,16,서울,6.2,2.9,47,
826,2025020217,2025,02,02,17,서울,5.2,2.6,53,
827,2025020218,2025,02,02,18,서울,3.7,4.3,52,
828,2025020219,2025,02,02,19,서울,2.2,2.9,55,
829,2025020220,2025,02,02,20,서울,1.7,2.7,60,
830,2025020221,2025,02,02,21,서울,1.5,1.9,68,
831,2025020222,2025,02,02,22,서울,1.7,2.7,75,
832,2025020223,2025,02,02,23,서울,1.3,3,77,
833,2025020300,2025,02,03,00,서울,0.6,3.3,70,0
834,2025020301,2025,02,03,01,서울,0.4,3.6,72,
835,2025020302,2025,02,03,02,서울,0,4,60,
836,2025020303,2025,02,03,03,서울,-0.7,3.8,57,
837,2025020304,2025,02,03,04,서울,-1.6,1.9,61,
838,2025020305,2025,02,03,05,서울,-2,3.9,66,
839,2025020306,2025,02,03,06,서울,-3,4.3,59,
840,2025020307,2025,02,03,07,서울,-4.1,3.8,60,
841,2025020308,2025,02,03,08,서울,-4.7,3.1,56,
842,2025020309,2025,02,03,09,서울,-4.7,5.5,53,
843,2025020310,2025,02,03,10,서울,-4.3,5.7,47,
844,2025020311,2025,02,03,11,서울,-3.9,4.7,43,
845,2025020312,2025,02,03,12,서울,-3,5.5,39,
846,2025020313,2025,02,03,13,서울,-3,4.5,35,
847,2025020314,2025,02,03,14,서울,-2.2,5.2,34,
848,2025020315,2025,02,03,15,서울,-1.8,5,31,
849,2025020316,2025,02,03,16,서울,-2.5,4.5,31,
850,2025020317,2025,02,03,17,서울,-2.9,4.9,38,
851,2025020318,2025,02,03,18,서울,-4.4,4.2,43,
852,2025020319,2025,02,03,19,서울,-5.3,3.7,48,
853,2025020320,2025,02,03,20,서울,-6.2,5.1,50,
854,2025020321,2025,02,03,21,서울,-7.1,4.6,55,
855,2025020322,2025,02,03,22,서울,-7.8,4.7,53,
856,2025020323,2025,02,03,23,서울,-8.1,3,55,
857,2025020400,2025,02,04,00,서울,-8.2,4.2,53,
858,2025020401,2025,02,04,01,서울,-8.5,3,51,
859,2025020402,2025,02,04,02,서울,-8.9,3.8,49,
860,2025020403,2025,02,04,03,서울,-9.5,3.5,52,
861,2025020404,2025,02,04,04,서울,-9.9,3.6,53,
862,2025020405,2025,02,04,05,서울,-10.5,3.6,55,
863,2025020406,2025,02,04,06,서울,-10.7,3.5,54,
864,2025020407,2025,02,04,07,서울,-11.2,3.1,55,
865,2025020408,2025,02,04,08,서울,-11.4,2.7,56,
866,2025020409,2025,02,04,09,서울,-11,2.8,50,
867,2025020410,2025,02,04,10,서울,-10.1,4.5,47,
868,2025020411,2025,02,04,11,서울,-9.3,4.3,44,
869,2025020412,2025,02,04,12,서울,-7.9,4.1,44,
870,2025020413,2025,02,04,13,서울,-6.7,4.2,41,
871,2025020414,2025,02,04,14,서울,-6.7,5.4,39,
872,2025020415,2025,02,04,15,서울,-5.9,5.3,40,
873,2025020416,2025,02,04,16,서울,-5.8,4.8,41,
874,2025020417,2025,02,04,17,서울,-6.3,4.3,43,
875,2025020418,2025,02,04,18,서울,-7.4,3.3,49,
876,2025020419,2025,02,04,19,서울,-8.2,3.4,50,
877,2025020420,2025,02,04,20,서울,-8.8,3.2,51,
878,2025020421,2025,02,04,21,서울,-9.2,3.8,55,
879,2025020422,2025,02,04,22,서울,-9.8,3.2,59,
880,2025020423,2025,02,04,23,서울,-10.4,3,60,
881,2025020500,2025,02,05,00,서울,-10.5,3.9,62,
882,2025020501,2025,02,05,01,서울,-10.6,3.1,62,
883,2025020502,2025,02,05,02,서울,-10.9,2.6,61,
884,2025020503,2025,02,05,03,서울,-11.3,2.2,62,
885,2025020504,2025,02,05,04,서울,-11.4,2.5,62,
886,2025020505,2025,02,05,05,서울,-11.6,2.4,65,
887,2025020506,2025,02,05,06,서울,-11.4,2.1,65,
888,2025020507,2025,02,05,07,서울,-11.3,2.7,60,
889,2025020508,2025,02,05,08,서울,-11.2,1.9,58,
890,2025020509,2025,02,05,09,서울,-10.5,3.5,55,
891,2025020510,2025,02,05,10,서울,-9.5,2.5,49,
892,2025020511,2025,02,05,11,서울,-8.6,3.3,42,
893,2025020512,2025,02,05,12,서울,-7.5,3,39,
894,2025020513,2025,02,05,13,서울,-5.6,6.6,34,
895,2025020514,2025,02,05,14,서울,-4.1,3.8,34,
896,2025020515,2025,02,05,15,서울,-3.9,3.9,35,
897,2025020516,2025,02,05,16,서울,-4.3,5,37,
898,2025020517,2025,02,05,17,서울,-4.9,5.7,34,
899,2025020518,2025,02,05,18,서울,-6,4.2,41,
900,2025020519,2025,02,05,19,서울,-6.9,4.8,45,
901,2025020520,2025,02,05,20,서울,-7.5,4.1,46,
902,2025020521,2025,02,05,21,서울,-8.4,4.5,44,
903,2025020522,2025,02,05,22,서울,-9.2,3.3,44,
904,2025020523,2025,02,05,23,서울,-9.7,2.5,48,
905,2025020600,2025,02,06,00,서울,-10.2,2.6,52,
906,2025020601,2025,02,06,01,서울,-10.8,1.3,53,
907,2025020602,2025,02,06,02,서울,-10.9,1,54,
908,2025020603,2025,02,06,03,서울,-11.2,1,53,
909,2025020604,2025,02,06,04,서울,-11.5,1.4,53,
910,2025020605,2025,02,06,05,서울,-11,1.5,57,
911,2025020606,2025,02,06,06,서울,-11,1.6,60,
912,2025020607,2025,02,06,07,서울,-10.9,1,58,
913,2025020608,2025,02,06,08,서울,-11.2,1,61,
914,2025020609,2025,02,06,09,서울,-9.9,1.5,55,
915,2025020610,2025,02,06,10,서울,-6.7,0.4,42,
916,2025020611,2025,02,06,11,서울,-3.7,2.2,35,
917,2025020612,2025,02,06,12,서울,-2.2,2.9,33,
918,2025020613,2025,02,06,13,서울,-1,3.5,34,
919,2025020614,2025,02,06,14,서울,-0.8,3.3,42,
920,2025020615,2025,02,06,15,서울,-0.9,4,51,
921,2025020616,2025,02,06,16,서울,-2.2,1.4,81,
922,2025020617,2025,02,06,17,서울,-2,0.8,84,
923,2025020618,2025,02,06,18,서울,-1.9,0.9,85,2.3
924,2025020619,2025,02,06,19,서울,-2.5,1.4,82,
925,2025020620,2025,02,06,20,서울,-2.7,1.1,82,
926,2025020621,2025,02,06,21,서울,-2.8,1.6,81,
927,2025020622,2025,02,06,22,서울,-3.3,2.2,71,
928,2025020623,2025,02,06,23,서울,-4.1,0.7,64,
929,2025020700,2025,02,07,00,서울,-5,0.8,61,
930,2025020701,2025,02,07,01,서울,-5.9,2.4,73,
931,2025020702,2025,02,07,02,서울,-5.9,2,77,
932,2025020703,2025,02,07,03,서울,-5.1,1.7,78,
933,2025020704,2025,02,07,04,서울,-5.2,1.5,74,
934,2025020705,2025,02,07,05,서울,-5.5,2.8,65,
935,2025020706,2025,02,07,06,서울,-6.5,5,78,0
936,2025020707,2025,02,07,07,서울,-6.9,2.6,81,
937,2025020708,2025,02,07,08,서울,-7.3,4,77,
938,2025020709,2025,02,07,09,서울,-7.6,4.1,73,0.4
939,2025020710,2025,02,07,10,서울,-7.6,4.6,59,
940,2025020711,2025,02,07,11,서울,-7.6,5,50,
941,2025020712,2025,02,07,12,서울,-7.1,5.7,47,0
942,2025020713,2025,02,07,13,서울,-6.8,5.1,47,
943,2025020714,2025,02,07,14,서울,-7.7,5.9,47,
944,2025020715,2025,02,07,15,서울,-7.7,5.8,44,
945,2025020716,2025,02,07,16,서울,-7.7,5.6,44,
946,2025020717,2025,02,07,17,서울,-8.2,5.5,44,
947,2025020718,2025,02,07,18,서울,-9.1,4.2,51,
948,2025020719,2025,02,07,19,서울,-9.8,3.9,53,
949,2025020720,2025,02,07,20,서울,-10.1,3.5,56,
950,2025020721,2025,02,07,21,서울,-10.3,3.3,54,
951,2025020722,2025,02,07,22,서울,-10.6,2.3,55,
952,2025020723,2025,02,07,23,서울,-10.6,3,55,
953,2025020800,2025,02,08,00,서울,-10.7,2.9,56,
954,2025020801,2025,02,08,01,서울,-10.7,3.3,56,
955,2025020802,2025,02,08,02,서울,-10.9,2.4,57,
956,2025020803,2025,02,08,03,서울,-11.2,1.8,58,
957,2025020804,2025,02,08,04,서울,-11.2,2.8,59,
958,2025020805,2025,02,08,05,서울,-11.4,2.9,60,
959,2025020806,2025,02,08,06,서울,-11.5,2.4,60,
960,2025020807,2025,02,08,07,서울,-11.5,2.7,60,
961,2025020808,2025,02,08,08,서울,-11.4,3,58,
962,2025020809,2025,02,08,09,서울,-10.5,2.2,57,
963,2025020810,2025,02,08,10,서울,-8.9,3.6,53,
964,2025020811,2025,02,08,11,서울,-7.9,3.5,49,
965,2025020812,2025,02,08,12,서울,-7,2.9,46,
966,2025020813,2025,02,08,13,서울,-6.2,2.8,46,
967,2025020814,2025,02,08,14,서울,-4.8,2.6,46,
968,2025020815,2025,02,08,15,서울,-4,2.9,45,
969,2025020816,2025,02,08,16,서울,-3.7,3.2,45,
970,2025020817,2025,02,08,17,서울,-4,3,45,
971,2025020818,2025,02,08,18,서울,-5.1,3.1,49,
972,2025020819,2025,02,08,19,서울,-5.8,1.6,52,
973,2025020820,2025,02,08,20,서울,-6.2,2.6,55,
974,2025020821,2025,02,08,21,서울,-6.5,2.4,58,
975,2025020822,2025,02,08,22,서울,-6.8,2.6,59,
976,2025020823,2025,02,08,23,서울,-7.3,2,62,
977,2025020900,2025,02,09,00,서울,-7.5,2.5,63,
978,2025020901,2025,02,09,01,서울,-8.2,1.1,64,
979,2025020902,2025,02,09,02,서울,-8.9,1.4,66,
980,2025020903,2025,02,09,03,서울,-8.9,1.4,71,
981,2025020904,2025,02,09,04,서울,-9.2,1.3,73,
982,2025020905,2025,02,09,05,서울,-9.1,0.6,73,
983,2025020906,2025,02,09,06,서울,-9.2,0.4,75,
984,2025020907,2025,02,09,07,서울,-9.4,1.7,75,
985,2025020908,2025,02,09,08,서울,-9.5,1.3,77,
986,2025020909,2025,02,09,09,서울,-8.2,2,78,
987,2025020910,2025,02,09,10,서울,-4.9,1.2,66,
988,2025020911,2025,02,09,11,서울,-3.4,2.7,51,
989,2025020912,2025,02,09,12,서울,-2.3,2.4,48,
990,2025020913,2025,02,09,13,서울,-1.4,3.8,40,
991,2025020914,2025,02,09,14,서울,0.1,3.3,42,
992,2025020915,2025,02,09,15,서울,1.4,2.7,40,
993,2025020916,2025,02,09,16,서울,1.2,3.3,41,
994,2025020917,2025,02,09,17,서울,-0.3,3.4,51,
995,2025020918,2025,02,09,18,서울,-1.8,2.9,58,
996,2025020919,2025,02,09,19,서울,-2.6,2.6,65,
997,2025020920,2025,02,09,20,서울,-3,3.2,69,
998,2025020921,2025,02,09,21,서울,-3.5,2.4,71,
999,2025020922,2025,02,09,22,서울,-3.7,2.9,70,
1000,2025020923,2025,02,09,23,서울,-4.3,2,68,
1001,2025021000,2025,02,10,00,서울,-4.9,1.7,69,
1002,2025021001,2025,02,10,01,서울,-5.1,2.7,70,
1003,2025021002,2025,02,10,02,서울,-5.5,2.2,63,
1004,2025021003,2025,02,10,03,서울,-6.4,1.9,62,
1005,2025021004,2025,02,10,04,서울,-7.1,1.5,63,
1006,2025021005,2025,02,10,05,서울,-6.4,0.7,62,
1007,2025021006,2025,02,10,06,서울,-6.6,2.5,64,
1008,2025021007,2025,02,10,07,서울,-7.4,2.4,67,
1009,2025021008,2025,02,10,08,서울,-6.7,2.2,68,
1010,2025021009,2025,02,10,09,서울,-5.3,2.3,65,
1011,2025021010,2025,02,10,10,서울,-2.7,1.9,55,
1012,2025021011,2025,02,10,11,서울,-0.7,2.2,49,
1013,2025021012,2025,02,10,12,서울,0.7,2.4,46,
1014,2025021013,2025,02,10,13,서울,1.1,2.8,47,
1015,2025021014,2025,02,10,14,서울,1.4,3.8,50,
1016,2025021015,2025,02,10,15,서울,1.5,3.7,56,0
1017,2025021016,2025,02,10,16,서울,2.4,4.4,47,
1018,2025021017,2025,02,10,17,서울,1.7,2.6,47,
1019,2025021018,2025,02,10,18,서울,0.1,2.6,53,0
1020,2025021019,2025,02,10,19,서울,-0.7,3.3,60,
1021,2025021020,2025,02,10,20,서울,-1.3,2,64,
1022,2025021021,2025,02,10,21,서울,-2,1.2,67,
1023,2025021022,2025,02,10,22,서울,-2.6,1.3,71,
1024,2025021023,2025,02,10,23,서울,-2.9,0.7,75,
1025,2025021100,2025,02,11,00,서울,-3,1,75,
1026,2025021101,2025,02,11,01,서울,-3.6,1.2,76,
1027,2025021102,2025,02,11,02,서울,-3.8,1.2,78,
1028,2025021103,2025,02,11,03,서울,-4.4,1.7,78,
1029,2025021104,2025,02,11,04,서울,-4.8,1.9,80,
1030,2025021105,2025,02,11,05,서울,-5,0.8,80,
1031,2025021106,2025,02,11,06,서울,-5.5,2,80,
1032,2025021107,2025,02,11,07,서울,-5.6,2.5,82,
1033,2025021108,2025,02,11,08,서울,-5.5,2.4,83,
1034,2025021109,2025,02,11,09,서울,-3.9,2.8,81,
1035,2025021110,2025,02,11,10,서울,-0.9,2.4,71,
1036,2025021111,2025,02,11,11,서울,0.9,2.9,63,
1037,2025021112,2025,02,11,12,서울,2.8,3.1,55,
1038,2025021113,2025,02,11,13,서울,4.4,1.7,50,
1039,2025021114,2025,02,11,14,서울,5.8,2.3,47,
1040,2025021115,2025,02,11,15,서울,7,1.7,43,
1041,2025021116,2025,02,11,16,서울,6.7,2.2,40,
1042,2025021117,2025,02,11,17,서울,6.4,1.8,39,
1043,2025021118,2025,02,11,18,서울,4.7,2.5,43,
1044,2025021119,2025,02,11,19,서울,3.7,1.2,47,
1045,2025021120,2025,02,11,20,서울,2.5,2.6,51,
1046,2025021121,2025,02,11,21,서울,2,2.4,51,
1047,2025021122,2025,02,11,22,서울,1.3,0.9,51,
1048,2025021123,2025,02,11,23,서울,1.3,2.7,50,
1049,2025021200,2025,02,12,00,서울,1.3,2.8,47,
1050,2025021201,2025,02,12,01,서울,1.3,1.3,50,
1051,2025021202,2025,02,12,02,서울,1.7,2.3,51,
1052,2025021203,2025,02,12,03,서울,1.9,1.8,50,0
1053,2025021204,2025,02,12,04,서울,2,1.2,55,
1054,2025021205,2025,02,12,05,서울,2.1,2.4,64,
1055,2025021206,2025,02,12,06,서울,1.1,2.1,81,0.2
1056,2025021207,2025,02,12,07,서울,0.5,2.2,88,
1057,2025021208,2025,02,12,08,서울,0.5,2.5,91,
1058,2025021209,2025,02,12,09,서울,0.5,3,91,1.1
1059,2025021210,2025,02,12,10,서울,0.6,2.7,91,
1060,2025021211,2025,02,12,11,서울,0.9,2.4,91,
1061,2025021212,2025,02,12,12,서울,1.2,1.8,89,1
1062,2025021213,2025,02,12,13,서울,1.5,1.6,89,
1063,2025021214,2025,02,12,14,서울,1.7,0.7,87,
1064,2025021215,2025,02,12,15,서울,2.1,1.2,92,0.2
1065,2025021216,2025,02,12,16,서울,2.4,3,95,
1066,2025021217,2025,02,12,17,서울,2.1,3.6,95,
1067,2025021218,2025,02,12,18,서울,1.8,4.1,88,0
1068,2025021219,2025,02,12,19,서울,1.3,3.3,79,
1069,2025021220,2025,02,12,20,서울,0,4.9,74,
1070,2025021221,2025,02,12,21,서울,-1.4,4.6,58,
1071,2025021222,2025,02,12,22,서울,-2.1,3.5,58,
1072,2025021223,2025,02,12,23,서울,-2.5,3.7,59,
1073,2025021300,2025,02,13,00,서울,-2.9,3.5,57,
1074,2025021301,2025,02,13,01,서울,-3.5,2.4,55,
1075,2025021302,2025,02,13,02,서울,-3.8,1.5,56,
1076,2025021303,2025,02,13,03,서울,-4,2.7,55,
1077,2025021304,2025,02,13,04,서울,-4.3,2.3,52,
1078,2025021305,2025,02,13,05,서울,-4.9,0.5,54,
1079,2025021306,2025,02,13,06,서울,-5.4,1,57,
1080,2025021307,2025,02,13,07,서울,-5.8,0.6,61,
1081,2025021308,2025,02,13,08,서울,-5.4,0.6,62,
1082,2025021309,2025,02,13,09,서울,-3.6,0.3,53,
1083,2025021310,2025,02,13,10,서울,-0.2,1.9,51,
1084,2025021311,2025,02,13,11,서울,1.9,1.6,41,
1085,2025021312,2025,02,13,12,서울,3,2.8,38,
1086,2025021313,2025,02,13,13,서울,4.6,4.4,39,
1087,2025021314,2025,02,13,14,서울,5.1,4.8,38,
1088,2025021315,2025,02,13,15,서울,5.6,4.3,36,
1089,2025021316,2025,02,13,16,서울,5.9,3.8,39,
1090,2025021317,2025,02,13,17,서울,5.2,3.1,45,
1091,2025021318,2025,02,13,18,서울,3.7,3.5,54,
1092,2025021319,2025,02,13,19,서울,2.9,2.8,57,
1093,2025021320,2025,02,13,20,서울,2.4,2.3,57,
1094,2025021321,2025,02,13,21,서울,2.1,2.2,60,
1095,2025021322,2025,02,13,22,서울,1.7,1.4,62,
1096,2025021323,2025,02,13,23,서울,1,1.1,67,
1097,2025021400,2025,02,14,00,서울,0.5,0.1,72,
1098,2025021401,2025,02,14,01,서울,0.3,1.1,75,
1099,2025021402,2025,02,14,02,서울,-0.1,0.7,78,
1100,2025021403,2025,02,14,03,서울,-0.4,0.5,80,
1101,2025021404,2025,02,14,04,서울,-0.4,0.1,82,
1102,2025021405,2025,02,14,05,서울,-0.9,1.7,83,
1103,2025021406,2025,02,14,06,서울,-1,1.7,84,
1104,2025021407,2025,02,14,07,서울,-1.4,2.3,84,
1105,2025021408,2025,02,14,08,서울,-1.5,2,86,
1106,2025021409,2025,02,14,09,서울,-0.1,2.6,86,
1107,2025021410,2025,02,14,10,서울,2.4,2.2,76,
1108,2025021411,2025,02,14,11,서울,5.3,1.4,71,
1109,2025021412,2025,02,14,12,서울,7.6,2.5,59,
1110,2025021413,2025,02,14,13,서울,9.1,2.7,52,
1111,2025021414,2025,02,14,14,서울,9.7,3.4,47,
1112,2025021415,2025,02,14,15,서울,9.7,3.3,38,
1113,2025021416,2025,02,14,16,서울,9.6,3.4,37,
1114,2025021417,2025,02,14,17,서울,8.6,3.6,33,
1115,2025021418,2025,02,14,18,서울,7.1,2.5,38,
1116,2025021419,2025,02,14,19,서울,6,1.3,46,
1117,2025021420,2025,02,14,20,서울,4.9,1.5,57,
1118,2025021421,2025,02,14,21,서울,4.1,1.9,69,
1119,2025021422,2025,02,14,22,서울,3.6,1.7,76,
1120,2025021423,2025,02,14,23,서울,3,1.7,81,
1121,2025021500,2025,02,15,00,서울,2.5,1.1,85,
1122,2025021501,2025,02,15,01,서울,2.4,0,86,
1123,2025021502,2025,02,15,02,서울,2.3,1.3,88,
1124,2025021503,2025,02,15,03,서울,1.7,0.1,90,
1125,2025021504,2025,02,15,04,서울,1.2,1.7,90,
1126,2025021505,2025,02,15,05,서울,1.1,1.7,88,
1127,2025021506,2025,02,15,06,서울,0.8,1.5,88,
1128,2025021507,2025,02,15,07,서울,0.5,2.3,89,
1129,2025021508,2025,02,15,08,서울,0.6,2.3,89,
1130,2025021509,2025,02,15,09,서울,1.5,1.8,89,
1131,2025021510,2025,02,15,10,서울,3.2,1.7,83,
1132,2025021511,2025,02,15,11,서울,4.7,1.6,75,
1133,2025021512,2025,02,15,12,서울,5.5,1.9,70,
1134,2025021513,2025,02,15,13,서울,6.3,2.3,67,
1135,2025021514,2025,02,15,14,서울,6.8,3.2,63,
1136,2025021515,2025,02,15,15,서울,7.8,2.4,59,
1137,2025021516,2025,02,15,16,서울,7.7,2.6,58,
1138,2025021517,2025,02,15,17,서울,7.2,2.3,62,
1139,2025021518,2025,02,15,18,서울,6.7,1.6,64,
1140,2025021519,2025,02,15,19,서울,6.1,2,68,
1141,2025021520,2025,02,15,20,서울,5.7,1.5,70,
1142,2025021521,2025,02,15,21,서울,5.3,1.4,72,
1143,2025021522,2025,02,15,22,서울,4.9,1.8,74,
1144,2025021523,2025,02,15,23,서울,4.2,0.5,76,
1145,2025021600,2025,02,16,00,서울,3.4,1.2,80,
1146,2025021601,2025,02,16,01,서울,2.8,0.5,83,
1147,2025021602,2025,02,16,02,서울,2.4,1.4,85,
1148,2025021603,2025,02,16,03,서울,2.3,0.6,87,
1149,2025021604,2025,02,16,04,서울,2.1,1.2,87,
1150,2025021605,2025,02,16,05,서울,1.9,1.8,88,
1151,2025021606,2025,02,16,06,서울,1.7,1.9,88,
1152,2025021607,2025,02,16,07,서울,1.4,2.1,89,
1153,2025021608,2025,02,16,08,서울,1.4,1.8,90,
1154,2025021609,2025,02,16,09,서울,2.5,1.6,89,
1155,2025021610,2025,02,16,10,서울,4.4,1.6,82,
1156,2025021611,2025,02,16,11,서울,6.2,0.9,75,
1157,2025021612,2025,02,16,12,서울,8,2.5,70,
1158,2025021613,2025,02,16,13,서울,8.6,4.5,64,
1159,2025021614,2025,02,16,14,서울,9.4,3.6,58,
1160,2025021615,2025,02,16,15,서울,8.9,3.8,66,
1161,2025021616,2025,02,16,16,서울,8.7,3.3,69,
1162,2025021617,2025,02,16,17,서울,8,3.8,72,
1163,2025021618,2025,02,16,18,서울,6.7,3.6,77,
1164,2025021619,2025,02,16,19,서울,6,3.2,83,
1165,2025021620,2025,02,16,20,서울,5.3,3.4,85,
1166,2025021621,2025,02,16,21,서울,4,3.3,76,
1167,2025021622,2025,02,16,22,서울,2.4,4.3,68,
1168,2025021623,2025,02,16,23,서울,1.2,3.4,60,
1169,2025021700,2025,02,17,00,서울,0.4,3,52,
1170,2025021701,2025,02,17,01,서울,-0.1,3.3,47,
1171,2025021702,2025,02,17,02,서울,-0.5,3,42,
1172,2025021703,2025,02,17,03,서울,-0.9,2.3,36,
1173,2025021704,2025,02,17,04,서울,-1,4.7,34,
1174,2025021705,2025,02,17,05,서울,-1.1,4.2,35,
1175,2025021706,2025,02,17,06,서울,-1.5,2.8,38,
1176,2025021707,2025,02,17,07,서울,-1.8,2.8,42,
1177,2025021708,2025,02,17,08,서울,-1.8,2.8,43,
1178,2025021709,2025,02,17,09,서울,-0.6,3,39,
1179,2025021710,2025,02,17,10,서울,0.1,4.5,32,
1180,2025021711,2025,02,17,11,서울,0.8,3.8,31,
1181,2025021712,2025,02,17,12,서울,1.6,3.5,28,
1182,2025021713,2025,02,17,13,서울,2.6,4.2,30,
1183,2025021714,2025,02,17,14,서울,2.8,4.7,28,
1184,2025021715,2025,02,17,15,서울,2.9,4,29,
1185,2025021716,2025,02,17,16,서울,3.3,5,29,
1186,2025021717,2025,02,17,17,서울,2.3,4.8,31,
1187,2025021718,2025,02,17,18,서울,1,2.7,37,
1188,2025021719,2025,02,17,19,서울,0,3.5,39,
1189,2025021720,2025,02,17,20,서울,-0.7,3,45,
1190,2025021721,2025,02,17,21,서울,-1.6,4.5,49,
1191,2025021722,2025,02,17,22,서울,-2.4,4.1,54,
1192,2025021723,2025,02,17,23,서울,-3,2.8,57,
1193,2025021800,2025,02,18,00,서울,-3.4,2,57,
1194,2025021801,2025,02,18,01,서울,-3.9,1.2,58,
1195,2025021802,2025,02,18,02,서울,-4,1.5,59,
1196,2025021803,2025,02,18,03,서울,-4.1,2.3,58,
1197,2025021804,2025,02,18,04,서울,-4.1,2.8,53,
1198,2025021805,2025,02,18,05,서울,-4.4,2.5,48,
1199,2025021806,2025,02,18,06,서울,-4.7,2.8,45,
1200,2025021807,2025,02,18,07,서울,-5.1,2,46,
1201,2025021808,2025,02,18,08,서울,-5,2.1,47,
1202,2025021809,2025,02,18,09,서울,-3.6,2.4,44,
1203,2025021810,2025,02,18,10,서울,-1.8,4.1,36,
1204,2025021811,2025,02,18,11,서울,-1,5.2,34,
1205,2025021812,2025,02,18,12,서울,-0.3,5.5,32,
1206,2025021813,2025,02,18,13,서울,1.1,3.5,28,
1207,2025021814,2025,02,18,14,서울,1.7,4.3,23,
1208,2025021815,2025,02,18,15,서울,2.1,5,24,
1209,2025021816,2025,02,18,16,서울,1.8,6,23,
1210,2025021817,2025,02,18,17,서울,1.6,5.1,24,
1211,2025021818,2025,02,18,18,서울,0.1,4.3,29,
1212,2025021819,2025,02,18,19,서울,-1,4.3,34,
1213,2025021820,2025,02,18,20,서울,-2,4,35,
1214,2025021821,2025,02,18,21,서울,-2.9,3.1,41,
1215,2025021822,2025,02,18,22,서울,-3.7,3.2,47,
1216,2025021823,2025,02,18,23,서울,-4.4,0.8,49,
1217,2025021900,2025,02,19,00,서울,-4.7,2.1,49,
1218,2025021901,2025,02,19,01,서울,-4.9,2,51,
1219,2025021902,2025,02,19,02,서울,-5.4,0.9,53,
1220,2025021903,2025,02,19,03,서울,-5.4,2.1,54,
1221,2025021904,2025,02,19,04,서울,-5.8,0.9,55,
1222,2025021905,2025,02,19,05,서울,-5.7,2,57,
1223,2025021906,2025,02,19,06,서울,-5.3,3,56,
1224,2025021907,2025,02,19,07,서울,-5.4,2.8,57,
1225,2025021908,2025,02,19,08,서울,-5.4,2.8,60,
1226,2025021909,2025,02,19,09,서울,-4.5,4.2,57,
1227,2025021910,2025,02,19,10,서울,-3.3,3.7,47,
1228,2025021911,2025,02,19,11,서울,-2.2,3.6,42,
1229,2025021912,2025,02,19,12,서울,-1.4,4.1,39,
1230,2025021913,2025,02,19,13,서울,-0.8,3.9,38,
1231,2025021914,2025,02,19,14,서울,-0.1,4.1,36,
1232,2025021915,2025,02,19,15,서울,1,3.4,32,
1233,2025021916,2025,02,19,16,서울,0.8,4.2,30,
1234,2025021917,2025,02,19,17,서울,0.8,3.3,29,
1235,2025021918,2025,02,19,18,서울,-0.6,3.8,30,
1236,2025021919,2025,02,19,19,서울,-1.5,3.2,35,
1237,2025021920,2025,02,19,20,서울,-2.3,3.2,38,
1238,2025021921,2025,02,19,21,서울,-3.1,4.1,42,
1239,2025021922,2025,02,19,22,서울,-3.8,2.3,45,
1240,2025021923,2025,02,19,23,서울,-4.3,1.8,46,
1241,2025022000,2025,02,20,00,서울,-4.9,1.5,48,
1242,2025022001,2025,02,20,01,서울,-5.5,1.7,49,
1243,2025022002,2025,02,20,02,서울,-5.6,2.1,52,
1244,2025022003,2025,02,20,03,서울,-5.5,1.6,54,
1245,2025022004,2025,02,20,04,서울,-6.1,0.7,56,
1246,2025022005,2025,02,20,05,서울,-6.4,0.6,57,
1247,2025022006,2025,02,20,06,서울,-6.2,1.1,59,
1248,2025022007,2025,02,20,07,서울,-6.5,0.8,61,
1249,2025022008,2025,02,20,08,서울,-6.1,1.2,61,
1250,2025022009,2025,02,20,09,서울,-4.3,2.4,53,
1251,2025022010,2025,02,20,10,서울,-2.8,3,46,
1252,2025022011,2025,02,20,11,서울,-1.3,3.8,36,
1253,2025022012,2025,02,20,12,서울,-0.6,4,32,
1254,2025022013,2025,02,20,13,서울,-0.3,4.4,32,
1255,2025022014,2025,02,20,14,서울,1,3.5,31,
1256,2025022015,2025,02,20,15,서울,1.4,4.1,32,
1257,2025022016,2025,02,20,16,서울,1.8,3.8,31,
1258,2025022017,2025,02,20,17,서울,1.2,3.7,29,
1259,2025022018,2025,02,20,18,서울,-0.3,3.2,29,
1260,2025022019,2025,02,20,19,서울,-1.5,3.6,30,
1261,2025022020,2025,02,20,20,서울,-2,3.3,32,
1262,2025022021,2025,02,20,21,서울,-2.7,3.9,35,
1263,2025022022,2025,02,20,22,서울,-3.5,2.9,43,
1264,2025022023,2025,02,20,23,서울,-4.3,3.1,50,
1265,2025022100,2025,02,21,00,서울,-4.9,2.9,52,
1266,2025022101,2025,02,21,01,서울,-5.4,2.2,53,
1267,2025022102,2025,02,21,02,서울,-5.8,1.1,54,
1268,2025022103,2025,02,21,03,서울,-6.1,1.5,57,
1269,2025022104,2025,02,21,04,서울,-6.2,1.7,60,
1270,2025022105,2025,02,21,05,서울,-6.3,1.3,61,
1271,2025022106,2025,02,21,06,서울,-6.1,1.8,62,
1272,2025022107,2025,02,21,07,서울,-6.1,1.5,64,
1273,2025022108,2025,02,21,08,서울,-6.3,0.9,64,
1274,2025022109,2025,02,21,09,서울,-4.6,1.9,59,
1275,2025022110,2025,02,21,10,서울,-3,2.9,50,
1276,2025022111,2025,02,21,11,서울,-1.2,2.2,43,
1277,2025022112,2025,02,21,12,서울,-0.4,3.5,36,
1278,2025022113,2025,02,21,13,서울,1,2.7,32,
1279,2025022114,2025,02,21,14,서울,2.2,3.6,33,
1280,2025022115,2025,02,21,15,서울,2.2,4.2,34,
1281,2025022116,2025,02,21,16,서울,1.9,4.2,33,
1282,2025022117,2025,02,21,17,서울,1.7,3.2,39,
1283,2025022118,2025,02,21,18,서울,0.2,4.2,27,
1284,2025022119,2025,02,21,19,서울,-0.8,3.7,30,
1285,2025022120,2025,02,21,20,서울,-1.4,4.2,37,
1286,2025022121,2025,02,21,21,서울,-2,4.1,39,
1287,2025022122,2025,02,21,22,서울,-2.5,4.3,39,
1288,2025022123,2025,02,21,23,서울,-3.1,3.2,41,
1289,2025022200,2025,02,22,00,서울,-3.4,3.3,48,
1290,2025022201,2025,02,22,01,서울,-3.8,2.1,52,
1291,2025022202,2025,02,22,02,서울,-4.4,0.8,55,
1292,2025022203,2025,02,22,03,서울,-4.7,1.9,62,
1293,2025022204,2025,02,22,04,서울,-5.1,0.8,64,
1294,2025022205,2025,02,22,05,서울,-5.2,2.2,69,
1295,2025022206,2025,02,22,06,서울,-5.1,2.2,69,
1296,2025022207,2025,02,22,07,서울,-5.3,2.4,71,
1297,2025022208,2025,02,22,08,서울,-5.4,1.9,72,
1298,2025022209,2025,02,22,09,서울,-4.1,2.2,64,
1299,2025022210,2025,02,22,10,서울,-2.6,1.7,55,
1300,2025022211,2025,02,22,11,서울,-0.8,2.3,43,
1301,2025022212,2025,02,22,12,서울,0.7,3.4,33,
1302,2025022213,2025,02,22,13,서울,1.3,2.8,31,
1303,2025022214,2025,02,22,14,서울,2.5,3.3,33,
1304,2025022215,2025,02,22,15,서울,1.7,4.4,36,
1305,2025022216,2025,02,22,16,서울,2.2,3.2,37,
1306,2025022217,2025,02,22,17,서울,1.6,3.3,35,
1307,2025022218,2025,02,22,18,서울,0.1,2.5,42,
1308,2025022219,2025,02,22,19,서울,-1,3.2,47,
1309,2025022220,2025,02,22,20,서울,-1.4,3,50,
1310,2025022221,2025,02,22,21,서울,-2.2,2.7,36,
1311,2025022222,2025,02,22,22,서울,-3.2,3.6,43,
1312,2025022223,2025,02,22,23,서울,-4,3.2,48,
1313,2025022300,2025,02,23,00,서울,-4.8,1.1,51,
1314,2025022301,2025,02,23,01,서울,-5.5,1.7,53,
1315,2025022302,2025,02,23,02,서울,-5.7,2,54,
1316,2025022303,2025,02,23,03,서울,-6,1.3,55,
1317,2025022304,2025,02,23,04,서울,-6.2,0.6,57,
1318,2025022305,2025,02,23,05,서울,-6.4,1.5,57,
1319,2025022306,2025,02,23,06,서울,-6.2,2.1,57,
1320,2025022307,2025,02,23,07,서울,-6.1,2,57,
1321,2025022308,2025,02,23,08,서울,-6.2,2.1,59,
1322,2025022309,2025,02,23,09,서울,-4.8,3.4,52,
1323,2025022310,2025,02,23,10,서울,-3.6,3.6,43,
1324,2025022311,2025,02,23,11,서울,-2,3.2,38,
1325,2025022312,2025,02,23,12,서울,-1.4,3.9,37,
1326,2025022313,2025,02,23,13,서울,-1.4,4.3,35,
1327,2025022314,2025,02,23,14,서울,0,4,32,
1328,2025022315,2025,02,23,15,서울,0.1,5.3,30,
1329,2025022316,2025,02,23,16,서울,0.2,4.1,31,
1330,2025022317,2025,02,23,17,서울,0,4.8,30,
1331,2025022318,2025,02,23,18,서울,-1.6,4,35,
1332,2025022319,2025,02,23,19,서울,-2.6,3.2,38,
1333,2025022320,2025,02,23,20,서울,-3.2,3.8,42,
1334,2025022321,2025,02,23,21,서울,-3.7,3.5,46,
1335,2025022322,2025,02,23,22,서울,-4.3,2.6,48,
1336,2025022323,2025,02,23,23,서울,-4.8,2.3,50,
1337,2025022400,2025,02,24,00,서울,-5.4,1.9,51,
1338,2025022401,2025,02,24,01,서울,-5.7,1.7,53,
1339,2025022402,2025,02,24,02,서울,-6,0.8,53,
1340,2025022403,2025,02,24,03,서울,-6,1.8,56,
1341,2025022404,2025,02,24,04,서울,-6.1,1.6,57,
1342,2025022405,2025,02,24,05,서울,-6,1.2,59,
1343,2025022406,2025,02,24,06,서울,-5.9,2.3,61,
1344,2025022407,2025,02,24,07,서울,-6.2,1.5,63,
1345,2025022408,2025,02,24,08,서울,-5.9,1.9,64,
1346,2025022409,2025,02,24,09,서울,-3.9,2.9,55,
1347,2025022410,2025,02,24,10,서울,-2.5,3.1,46,
1348,2025022411,2025,02,24,11,서울,-0.9,3.2,39,
1349,2025022412,2025,02,24,12,서울,0.5,3,35,
1350,2025022413,2025,02,24,13,서울,1.4,3.9,31,
1351,2025022414,2025,02,24,14,서울,2.6,4.2,31,
1352,2025022415,2025,02,24,15,서울,3.6,4.1,29,
1353,2025022416,2025,02,24,16,서울,4.5,3.5,32,
1354,2025022417,2025,02,24,17,서울,4.3,2.7,32,
1355,2025022418,2025,02,24,18,서울,2.7,3.4,37,
1356,2025022419,2025,02,24,19,서울,1.5,2.1,42,
1357,2025022420,2025,02,24,20,서울,0.7,1.2,47,
1358,2025022421,2025,02,24,21,서울,0.2,2.1,55,
1359,2025022422,2025,02,24,22,서울,0.2,2.3,65,
1360,2025022423,2025,02,24,23,서울,-0.4,0.4,65,
1361,2025022500,2025,02,25,00,서울,-1.3,0.7,70,
1362,2025022501,2025,02,25,01,서울,-1.4,2,73,
1363,2025022502,2025,02,25,02,서울,-1.4,1.5,77,
1364,2025022503,2025,02,25,03,서울,-1.7,1.8,79,
1365,2025022504,2025,02,25,04,서울,-1.9,1.1,80,
1366,2025022505,2025,02,25,05,서울,-2.3,0.1,83,
1367,2025022506,2025,02,25,06,서울,-2.7,2.1,84,
1368,2025022507,2025,02,25,07,서울,-3,2.2,83,
1369,2025022508,2025,02,25,08,서울,-2.9,1.5,82,
1370,2025022509,2025,02,25,09,서울,-0.9,1.8,79,
1371,2025022510,2025,02,25,10,서울,2.8,2.8,66,
1372,2025022511,2025,02,25,11,서울,4.6,4.3,57,
1373,2025022512,2025,02,25,12,서울,5,4.4,54,
1374,2025022513,2025,02,25,13,서울,5.4,5.1,53,
1375,2025022514,2025,02,25,14,서울,5.2,5.3,56,
1376,2025022515,2025,02,25,15,서울,5.2,4.7,60,
1377,2025022516,2025,02,25,16,서울,5.6,3,61,
1378,2025022517,2025,02,25,17,서울,5.5,4.6,60,
1379,2025022518,2025,02,25,18,서울,5,3.3,67,
1380,2025022519,2025,02,25,19,서울,4.7,4.4,69,
1381,2025022520,2025,02,25,20,서울,4.5,3.5,72,
1382,2025022521,2025,02,25,21,서울,4.2,3.7,75,
1383,2025022522,2025,02,25,22,서울,3.7,2.9,78,
1384,2025022523,2025,02,25,23,서울,3.2,2,81,
1385,2025022600,2025,02,26,00,서울,2.9,1.9,83,
1386,2025022601,2025,02,26,01,서울,3.1,2,84,
1387,2025022602,2025,02,26,02,서울,3.2,1.1,84,
1388,2025022603,2025,02,26,03,서울,3.3,1.6,85,
1389,2025022604,2025,02,26,04,서울,3.1,1.7,86,
1390,2025022605,2025,02,26,05,서울,2.4,1.9,87,
1391,2025022606,2025,02,26,06,서울,1.9,2.5,87,
1392,2025022607,2025,02,26,07,서울,1.2,0.4,86,
1393,2025022608,2025,02,26,08,서울,1.1,2.4,90,
1394,2025022609,2025,02,26,09,서울,1.7,2.6,87,
1395,2025022610,2025,02,26,10,서울,2.5,2.7,63,
1396,2025022611,2025,02,26,11,서울,3.4,3.5,50,
1397,2025022612,2025,02,26,12,서울,5.3,3.2,29,
1398,2025022613,2025,02,26,13,서울,7,4,18,
1399,2025022614,2025,02,26,14,서울,7.7,3.8,19,
1400,2025022615,2025,02,26,15,서울,8.3,4.5,22,
1401,2025022616,2025,02,26,16,서울,8.4,5.1,22,
1402,2025022617,2025,02,26,17,서울,8.1,3.8,23,
1403,2025022618,2025,02,26,18,서울,6.1,3.1,23,
1404,2025022619,2025,02,26,19,서울,4.4,2.4,26,
1405,2025022620,2025,02,26,20,서울,3.4,1.8,23,
1406,2025022621,2025,02,26,21,서울,2.3,1.2,25,
1407,2025022622,2025,02,26,22,서울,1.5,1.6,28,
1408,2025022623,2025,02,26,23,서울,1.2,1.9,32,
1409,2025022700,2025,02,27,00,서울,0.8,1.5,37,
1410,2025022701,2025,02,27,01,서울,0.6,0.9,40,
1411,2025022702,2025,02,27,02,서울,-0.1,0.1,43,
1412,2025022703,2025,02,27,03,서울,-0.7,1.5,42,
1413,2025022704,2025,02,27,04,서울,-1.1,2,42,
1414,2025022705,2025,02,27,05,서울,-1.3,2,44,
1415,2025022706,2025,02,27,06,서울,-1.7,2.2,45,
1416,2025022707,2025,02,27,07,서울,-1.9,1.6,47,
1417,2025022708,2025,02,27,08,서울,-1.7,2,46,
1418,2025022709,2025,02,27,09,서울,1.4,1.6,40,
1419,2025022710,2025,02,27,10,서울,4.6,1.6,30,
1420,2025022711,2025,02,27,11,서울,6.4,2.4,25,
1421,2025022712,2025,02,27,12,서울,9.5,1.5,19,
1422,2025022713,2025,02,27,13,서울,11.5,2.2,17,
1423,2025022714,2025,02,27,14,서울,12.8,3.3,15,
1424,2025022715,2025,02,27,15,서울,13.9,3,13,
1425,2025022716,2025,02,27,16,서울,14,2.3,13,
1426,2025022717,2025,02,27,17,서울,13.1,3,14,
1427,2025022718,2025,02,27,18,서울,11.6,1.9,18,
1428,2025022719,2025,02,27,19,서울,9.6,1.5,21,
1429,2025022720,2025,02,27,20,서울,8.2,1.9,26,
1430,2025022721,2025,02,27,21,서울,7.4,2,27,
1431,2025022722,2025,02,27,22,서울,6.1,1.7,28,
1432,2025022723,2025,02,27,23,서울,5,1.4,31,
1433,2025022800,2025,02,28,00,서울,5,0.7,31,
1434,2025022801,2025,02,28,01,서울,5.1,0.2,28,
1435,2025022802,2025,02,28,02,서울,5.5,0.7,30,
1436,2025022803,2025,02,28,03,서울,5.3,1.2,36,
1437,2025022804,2025,02,28,04,서울,4.3,1.8,39,
1438,2025022805,2025,02,28,05,서울,3.9,1.1,39,
1439,2025022806,2025,02,28,06,서울,3.8,1.4,40,
1440,2025022807,2025,02,28,07,서울,3.9,1.8,43,
1441,2025022808,2025,02,28,08,서울,4.1,1.5,44,
1442,2025022809,2025,02,28,09,서울,5.4,1.1,42,
1443,2025022810,2025,02,28,10,서울,6.7,0.4,43,
1444,2025022811,2025,02,28,11,서울,8.4,2.7,43,
1445,2025022812,2025,02,28,12,서울,9.1,2.3,47,
1446,2025022813,2025,02,28,13,서울,11.3,2.3,47,
1447,2025022814,2025,02,28,14,서울,13.1,2.2,48,
1448,2025022815,2025,02,28,15,서울,12.8,1.4,51,
1449,2025022816,2025,02,28,16,서울,13.2,2.3,51,
1450,2025022817,2025,02,28,17,서울,13.1,1.4,53,
1451,2025022818,2025,02,28,18,서울,11.7,1.5,57,
1452,2025022819,2025,02,28,19,서울,10.1,0.5,61,
1453,2025022820,2025,02,28,20,서울,8.9,1,66,
1454,2025022821,2025,02,28,21,서울,8,1.6,71,
1455,2025022822,2025,02,28,22,서울,7.3,1.5,73,
1456,2025022823,2025,02,28,23,서울,6.8,0.1,74,
1457,2025030100,2025,03,01,00,서울,6.2,1.8,75,
1458,2025030101,2025,03,01,01,서울,5.4,1.6,78,
1459,2025030102,2025,03,01,02,서울,5,0.8,80,
1460,2025030103,2025,03,01,03,서울,4.7,1.6,81,
1461,2025030104,2025,03,01,04,서울,4.2,1.9,82,
1462,2025030105,2025,03,01,05,서울,3.5,2.2,83,
1463,2025030106,2025,03,01,06,서울,3.4,2.2,84,
1464,2025030107,2025,03,01,07,서울,3.6,1.8,86,
1465,2025030108,2025,03,01,08,서울,4.1,1.9,83,
1466,2025030109,2025,03,01,09,서울,5.6,2.4,78,
1467,2025030110,2025,03,01,10,서울,6.6,3,70,
1468,2025030111,2025,03,01,11,서울,9.3,2.6,60,
1469,2025030112,2025,03,01,12,서울,12.2,2.1,49,
1470,2025030113,2025,03,01,13,서울,12.8,2.1,49,
1471,2025030114,2025,03,01,14,서울,12.2,1.4,51,
1472,2025030115,2025,03,01,15,서울,11.4,3.3,63,0.4
1473,2025030116,2025,03,01,16,서울,12.2,2,64,
1474,2025030117,2025,03,01,17,서울,12.5,2,60,
1475,2025030118,2025,03,01,18,서울,12.3,0.6,58,0.2
1476,2025030119,2025,03,01,19,서울,11.3,2.2,62,
1477,2025030120,2025,03,01,20,서울,10.2,2.5,65,
1478,2025030121,2025,03,01,21,서울,9.5,1.4,67,0
1479,2025030122,2025,03,01,22,서울,9.1,1.2,70,
1480,2025030123,2025,03,01,23,서울,9.4,2.9,69,
1481,2025030200,2025,03,02,00,서울,9,2.4,68,
1482,2025030201,2025,03,02,01,서울,8.5,1.4,69,
1483,2025030202,2025,03,02,02,서울,8.7,2.3,67,
1484,2025030203,2025,03,02,03,서울,8.6,0.7,68,
1485,2025030204,2025,03,02,04,서울,8.6,1.4,70,
1486,2025030205,2025,03,02,05,서울,8.6,1.3,70,
1487,2025030206,2025,03,02,06,서울,8.5,0.7,68,
1488,2025030207,2025,03,02,07,서울,8.4,1,68,
1489,2025030208,2025,03,02,08,서울,8.6,2.2,64,
1490,2025030209,2025,03,02,09,서울,9,3.2,62,
1491,2025030210,2025,03,02,10,서울,10.4,3,55,
1492,2025030211,2025,03,02,11,서울,11.7,2.9,50,
1493,2025030212,2025,03,02,12,서울,13.6,4.5,41,
1494,2025030213,2025,03,02,13,서울,15.3,4.6,34,
1495,2025030214,2025,03,02,14,서울,14.6,3.8,33,
1496,2025030215,2025,03,02,15,서울,13.5,4.7,41,0
1497,2025030216,2025,03,02,16,서울,10.3,5.4,70,
1498,2025030217,2025,03,02,17,서울,7.9,6,83,
1499,2025030218,2025,03,02,18,서울,7.1,5.5,88,4.5
1500,2025030219,2025,03,02,19,서울,5.8,5.3,88,
1501,2025030220,2025,03,02,20,서울,4.8,5.6,87,
1502,2025030221,2025,03,02,21,서울,4.2,5.6,87,4.5
1503,2025030222,2025,03,02,22,서울,3.6,6.6,83,
1504,2025030223,2025,03,02,23,서울,3.1,6.6,79,
1505,2025030300,2025,03,03,00,서울,2.2,6.8,89,2.8
1506,2025030301,2025,03,03,01,서울,2,5.9,92,
1507,2025030302,2025,03,03,02,서울,1.8,5,93,
1508,2025030303,2025,03,03,03,서울,1.7,8.1,90,9
1509,2025030304,2025,03,03,04,서울,1.6,6.6,87,
1510,2025030305,2025,03,03,05,서울,1.2,6.7,90,
1511,2025030306,2025,03,03,06,서울,1.2,6.6,89,1.2
1512,2025030307,2025,03,03,07,서울,1.1,4.1,90,
1513,2025030308,2025,03,03,08,서울,1.8,4.9,78,
1514,2025030309,2025,03,03,09,서울,2.6,5.2,72,0.2
1515,2025030310,2025,03,03,10,서울,3.2,6.7,67,
1516,2025030311,2025,03,03,11,서울,4.7,6.2,57,
1517,2025030312,2025,03,03,12,서울,6.3,6.7,53,
1518,2025030313,2025,03,03,13,서울,6.9,6.4,51,
1519,2025030314,2025,03,03,14,서울,6.8,7.1,48,
1520,2025030315,2025,03,03,15,서울,6.6,7.1,47,
1521,2025030316,2025,03,03,16,서울,5.6,7.1,49,
1522,2025030317,2025,03,03,17,서울,4.7,6,50,
1523,2025030318,2025,03,03,18,서울,3.6,6,52,
1524,2025030319,2025,03,03,19,서울,2.7,7,53,
1525,2025030320,2025,03,03,20,서울,2,7.8,51,
1526,2025030321,2025,03,03,21,서울,1.6,6.9,51,
1527,2025030322,2025,03,03,22,서울,1.4,5,52,
1528,2025030323,2025,03,03,23,서울,1.2,4.8,53,
1529,2025030400,2025,03,04,00,서울,1.3,4.9,54,
1530,2025030401,2025,03,04,01,서울,1.3,6,55,
1531,2025030402,2025,03,04,02,서울,1.5,6,55,
1532,2025030403,2025,03,04,03,서울,1.6,5,55,
1533,2025030404,2025,03,04,04,서울,1.6,5.7,55,
1534,2025030405,2025,03,04,05,서울,1.7,5.7,56,
1535,2025030406,2025,03,04,06,서울,2,6.1,56,
1536,2025030407,2025,03,04,07,서울,2.2,5.8,57,
1537,2025030408,2025,03,04,08,서울,2.4,6.2,57,
1538,2025030409,2025,03,04,09,서울,2.8,4.4,57,0
1539,2025030410,2025,03,04,10,서울,1.1,3.7,86,
1540,2025030411,2025,03,04,11,서울,1,3.8,91,
1541,2025030412,2025,03,04,12,서울,1.1,4.3,90,3.1
1542,2025030413,2025,03,04,13,서울,1.6,4,90,
1543,2025030414,2025,03,04,14,서울,2.3,4.1,87,
1544,2025030415,2025,03,04,15,서울,2.4,3.7,85,0.8
1545,2025030416,2025,03,04,16,서울,2.6,4.4,87,
1546,2025030417,2025,03,04,17,서울,3.2,6.4,76,
1547,2025030418,2025,03,04,18,서울,3.3,5,71,0.1
1548,2025030419,2025,03,04,19,서울,3.1,3.5,71,
1549,2025030420,2025,03,04,20,서울,3.3,3.2,68,
1550,2025030421,2025,03,04,21,서울,3.4,4.7,66,
1551,2025030422,2025,03,04,22,서울,3.4,4.6,65,
1552,2025030423,2025,03,04,23,서울,3.4,3.1,64,
1553,2025030500,2025,03,05,00,서울,3.2,2.9,66,
1554,2025030501,2025,03,05,01,서울,2.9,2.4,66,
1555,2025030502,2025,03,05,02,서울,2.9,2.9,66,
1556,2025030503,2025,03,05,03,서울,2.6,2.7,66,
1557,2025030504,2025,03,05,04,서울,2.5,3,66,
1558,2025030505,2025,03,05,05,서울,2.4,1.5,66,
1559,2025030506,2025,03,05,06,서울,2.4,2,67,
1560,2025030507,2025,03,05,07,서울,2.4,0.9,67,
1561,2025030508,2025,03,05,08,서울,2.6,2,67,
1562,2025030509,2025,03,05,09,서울,3.2,2.3,66,0
1563,2025030510,2025,03,05,10,서울,4.1,2.7,63,
1564,2025030511,2025,03,05,11,서울,5.2,3.2,62,
1565,2025030512,2025,03,05,12,서울,5.8,2.8,60,
1566,2025030513,2025,03,05,13,서울,6.2,1.3,59,
1567,2025030514,2025,03,05,14,서울,7.3,2.2,56,
1568,2025030515,2025,03,05,15,서울,8.1,2.4,55,
1569,2025030516,2025,03,05,16,서울,8.8,1.8,52,
1570,2025030517,2025,03,05,17,서울,8.9,1.3,51,
1571,2025030518,2025,03,05,18,서울,7.8,1.9,52,
1572,2025030519,2025,03,05,19,서울,6.6,2.1,59,
1573,2025030520,2025,03,05,20,서울,5.8,2,61,
1574,2025030521,2025,03,05,21,서울,5.2,2.8,66,
1575,2025030522,2025,03,05,22,서울,4.5,2.5,70,
1576,2025030523,2025,03,05,23,서울,4,2.7,73,
1577,2025030600,2025,03,06,00,서울,3.5,2.6,74,
1578,2025030601,2025,03,06,01,서울,2.8,2,74,
1579,2025030602,2025,03,06,02,서울,2,2,77,
1580,2025030603,2025,03,06,03,서울,1.5,1.4,77,
1581,2025030604,2025,03,06,04,서울,1,2.2,80,
1582,2025030605,2025,03,06,05,서울,0.6,2.1,78,
1583,2025030606,2025,03,06,06,서울,0.3,1.2,77,
1584,2025030607,2025,03,06,07,서울,-0.3,0.8,81,
1585,2025030608,2025,03,06,08,서울,0.1,1.2,81,
1586,2025030609,2025,03,06,09,서울,2.1,2.2,70,
1587,2025030610,2025,03,06,10,서울,4.3,1.2,61,
1588,2025030611,2025,03,06,11,서울,6.8,2.2,54,
1589,2025030612,2025,03,06,12,서울,7.6,2.8,47,
1590,2025030613,2025,03,06,13,서울,8.6,3.1,39,
1591,2025030614,2025,03,06,14,서울,9.3,3.4,36,
1592,2025030615,2025,03,06,15,서울,9.8,3.9,37,
1593,2025030616,2025,03,06,16,서울,10.3,3.2,38,
1594,2025030617,2025,03,06,17,서울,9.6,2.8,37,
1595,2025030618,2025,03,06,18,서울,8.6,3.2,37,
1596,2025030619,2025,03,06,19,서울,7.2,3.5,45,
1597,2025030620,2025,03,06,20,서울,6.3,3.3,43,
1598,2025030621,2025,03,06,21,서울,5.6,3.1,44,
1599,2025030622,2025,03,06,22,서울,4.8,1.2,46,
1600,2025030623,2025,03,06,23,서울,3.8,3.1,49,
1601,2025030700,2025,03,07,00,서울,3.2,2.2,52,
1602,2025030701,2025,03,07,01,서울,2.3,1.7,56,
1603,2025030702,2025,03,07,02,서울,1.7,0.9,57,
1604,2025030703,2025,03,07,03,서울,1.2,0.9,60,
1605,2025030704,2025,03,07,04,서울,0.9,0.6,62,
1606,2025030705,2025,03,07,05,서울,0.6,0.5,64,
1607,2025030706,2025,03,07,06,서울,0.4,1.7,62,
1608,2025030707,2025,03,07,07,서울,0.1,1.7,65,
1609,2025030708,2025,03,07,08,서울,0.4,2.1,67,
1610,2025030709,2025,03,07,09,서울,3,2.5,64,
1611,2025030710,2025,03,07,10,서울,5.1,2.5,60,
1612,2025030711,2025,03,07,11,서울,7.4,1.4,46,
1613,2025030712,2025,03,07,12,서울,8.8,1.6,41,
1614,2025030713,2025,03,07,13,서울,10,2.7,36,
1615,2025030714,2025,03,07,14,서울,10.4,1.7,35,
1616,2025030715,2025,03,07,15,서울,10.7,2.1,34,
1617,2025030716,2025,03,07,16,서울,11.1,2.4,34,
1618,2025030717,2025,03,07,17,서울,9.4,3.4,35,
1619,2025030718,2025,03,07,18,서울,8.1,3.9,39,
1620,2025030719,2025,03,07,19,서울,6.9,2.3,42,
1621,2025030720,2025,03,07,20,서울,6.3,2.3,47,
1622,2025030721,2025,03,07,21,서울,5.6,1.5,41,
1623,2025030722,2025,03,07,22,서울,5,0.3,48,
1624,2025030723,2025,03,07,23,서울,4.7,1.7,52,
1625,2025030800,2025,03,08,00,서울,4.4,2.7,53,
1626,2025030801,2025,03,08,01,서울,4.4,2.1,53,
1627,2025030802,2025,03,08,02,서울,4.3,0.5,53,
1628,2025030803,2025,03,08,03,서울,4.2,1.1,58,
1629,2025030804,2025,03,08,04,서울,3.6,1.7,60,
1630,2025030805,2025,03,08,05,서울,3.5,2.7,62,
1631,2025030806,2025,03,08,06,서울,3.3,1.4,62,
1632,2025030807,2025,03,08,07,서울,3.1,1.4,65,
1633,2025030808,2025,03,08,08,서울,2.8,1.2,67,
1634,2025030809,2025,03,08,09,서울,3.9,1.3,64,
1635,2025030810,2025,03,08,10,서울,5.9,1.5,45,
1636,2025030811,2025,03,08,11,서울,7,1.8,36,
1637,2025030812,2025,03,08,12,서울,8.7,1.9,31,
1638,2025030813,2025,03,08,13,서울,10.3,2.5,28,
1639,2025030814,2025,03,08,14,서울,10.9,3.9,29,
1640,2025030815,2025,03,08,15,서울,10.7,4.3,23,
1641,2025030816,2025,03,08,16,서울,10.1,4,30,
1642,2025030817,2025,03,08,17,서울,9,3.5,38,
1643,2025030818,2025,03,08,18,서울,7.2,4.8,50,
1644,2025030819,2025,03,08,19,서울,6.2,2.1,57,
1645,2025030820,2025,03,08,20,서울,5.6,3.2,66,
1646,2025030821,2025,03,08,21,서울,4.9,1.8,70,
1647,2025030822,2025,03,08,22,서울,4.4,1.9,76,
1648,2025030823,2025,03,08,23,서울,4,0.7,79,
1649,2025030900,2025,03,09,00,서울,3.7,0.6,82,
1650,2025030901,2025,03,09,01,서울,3.2,1.2,83,
1651,2025030902,2025,03,09,02,서울,2.9,0.9,86,
1652,2025030903,2025,03,09,03,서울,2.6,1,87,
1653,2025030904,2025,03,09,04,서울,2.4,1.2,89,
1654,2025030905,2025,03,09,05,서울,2.1,1.2,88,
1655,2025030906,2025,03,09,06,서울,1.7,1.4,89,
1656,2025030907,2025,03,09,07,서울,1.3,0.8,87,
1657,2025030908,2025,03,09,08,서울,1.4,1.6,88,
1658,2025030909,2025,03,09,09,서울,3.7,1.3,82,
1659,2025030910,2025,03,09,10,서울,6.4,1.1,73,
1660,2025030911,2025,03,09,11,서울,8.2,1.5,59,
1661,2025030912,2025,03,09,12,서울,10.5,2.2,52,
1662,2025030913,2025,03,09,13,서울,12.1,2.3,49,
1663,2025030914,2025,03,09,14,서울,12.8,2.4,41,
1664,2025030915,2025,03,09,15,서울,13.4,2.9,37,
1665,2025030916,2025,03,09,16,서울,13.2,3.2,35,
1666,2025030917,2025,03,09,17,서울,13.3,2.3,36,
1667,2025030918,2025,03,09,18,서울,11.4,2.7,50,
1668,2025030919,2025,03,09,19,서울,9.5,2.4,60,
1669,2025030920,2025,03,09,20,서울,7.8,3,64,
1670,2025030921,2025,03,09,21,서울,7.1,1.6,66,
1671,2025030922,2025,03,09,22,서울,6.2,1.3,70,
1672,2025030923,2025,03,09,23,서울,5.6,1.3,72,
1673,2025031000,2025,03,10,00,서울,5,0.6,75,
1674,2025031001,2025,03,10,01,서울,4.6,1.4,77,
1675,2025031002,2025,03,10,02,서울,4,2.2,76,
1676,2025031003,2025,03,10,03,서울,3.6,1.2,76,
1677,2025031004,2025,03,10,04,서울,3.2,1.6,78,
1678,2025031005,2025,03,10,05,서울,2.7,2.1,81,
1679,2025031006,2025,03,10,06,서울,2.4,1.4,83,
1680,2025031007,2025,03,10,07,서울,2.4,2.2,83,
1681,2025031008,2025,03,10,08,서울,2.8,2,84,
1682,2025031009,2025,03,10,09,서울,5.3,2.3,77,
1683,2025031010,2025,03,10,10,서울,8.2,2.3,64,
1684,2025031011,2025,03,10,11,서울,10.8,1.2,52,
1685,2025031012,2025,03,10,12,서울,12.9,2.2,46,
1686,2025031013,2025,03,10,13,서울,13.8,2.4,42,
1687,2025031014,2025,03,10,14,서울,14.3,4.6,33,
1688,2025031015,2025,03,10,15,서울,14.8,4,33,
1689,2025031016,2025,03,10,16,서울,14.1,3.3,34,
1690,2025031017,2025,03,10,17,서울,13.2,4,35,
1691,2025031018,2025,03,10,18,서울,11.9,3.2,37,
1692,2025031019,2025,03,10,19,서울,10.1,3.7,46,
1693,2025031020,2025,03,10,20,서울,8.7,1.8,56,
1694,2025031021,2025,03,10,21,서울,7.6,2.5,60,
1695,2025031022,2025,03,10,22,서울,6.9,0.5,61,
1696,2025031023,2025,03,10,23,서울,5.9,0.3,62,
1697,2025031100,2025,03,11,00,서울,5.4,0.3,66,
1698,2025031101,2025,03,11,01,서울,4.9,1.1,69,
1699,2025031102,2025,03,11,02,서울,4.6,0.5,71,
1700,2025031103,2025,03,11,03,서울,4.1,0.5,73,
1701,2025031104,2025,03,11,04,서울,3.8,1.4,73,
1702,2025031105,2025,03,11,05,서울,3.5,0.9,74,
1703,2025031106,2025,03,11,06,서울,3.4,0.9,75,
1704,2025031107,2025,03,11,07,서울,2.9,1.4,77,
1705,2025031108,2025,03,11,08,서울,3.8,2,75,
1706,2025031109,2025,03,11,09,서울,6.3,1.4,65,
1707,2025031110,2025,03,11,10,서울,8.8,1.3,58,
1708,2025031111,2025,03,11,11,서울,11.2,1.2,48,
1709,2025031112,2025,03,11,12,서울,13.4,2.1,45,
1710,2025031113,2025,03,11,13,서울,14.6,2.6,42,
1711,2025031114,2025,03,11,14,서울,15.6,2.4,40,
1712,2025031115,2025,03,11,15,서울,16.4,2.8,36,
1713,2025031116,2025,03,11,16,서울,16.2,2.6,36,
1714,2025031117,2025,03,11,17,서울,15.4,2.6,36,
1715,2025031118,2025,03,11,18,서울,13.9,2.6,47,
1716,2025031119,2025,03,11,19,서울,12,4,54,
1717,2025031120,2025,03,11,20,서울,10.6,2.1,56,
1718,2025031121,2025,03,11,21,서울,9.6,1.4,59,
1719,2025031122,2025,03,11,22,서울,9.1,0.9,60,
1720,2025031123,2025,03,11,23,서울,8.9,1.7,63,
1721,2025031200,2025,03,12,00,서울,8.1,0.7,64,
1722,2025031201,2025,03,12,01,서울,7.7,0.7,69,
1723,2025031202,2025,03,12,02,서울,7.6,1.5,70,
1724,2025031203,2025,03,12,03,서울,7.1,2.4,70,
1725,2025031204,2025,03,12,04,서울,7,2.1,69,
1726,2025031205,2025,03,12,05,서울,6.9,2,69,
1727,2025031206,2025,03,12,06,서울,6.7,1,69,
1728,2025031207,2025,03,12,07,서울,7,1,70,
1729,2025031208,2025,03,12,08,서울,7.4,0.1,70,
1730,2025031209,2025,03,12,09,서울,8.6,1.4,66,
1731,2025031210,2025,03,12,10,서울,9.5,2.8,62,
1732,2025031211,2025,03,12,11,서울,10.5,3.1,56,
1733,2025031212,2025,03,12,12,서울,11.4,3.3,52,
1734,2025031213,2025,03,12,13,서울,11.5,2.5,56,
1735,2025031214,2025,03,12,14,서울,11.6,3.5,55,
1736,2025031215,2025,03,12,15,서울,11,2.7,59,
1737,2025031216,2025,03,12,16,서울,10.2,3.2,75,
1738,2025031217,2025,03,12,17,서울,9.3,3.1,86,
1739,2025031218,2025,03,12,18,서울,8.7,2.7,88,0
1740,2025031219,2025,03,12,19,서울,8.4,2.1,89,
1741,2025031220,2025,03,12,20,서울,8.1,2.7,88,
1742,2025031221,2025,03,12,21,서울,7.9,1.6,88,
1743,2025031222,2025,03,12,22,서울,7.9,1.8,89,
1744,2025031223,2025,03,12,23,서울,7.6,2.3,87,
1745,2025040100,2025,04,01,00,서울,6.9,2.2,72,
1746,2025040101,2025,04,01,01,서울,6.4,1.2,73,
1747,2025040102,2025,04,01,02,서울,6,1,77,
1748,2025040103,2025,04,01,03,서울,5.4,1.1,80,
1749,2025040104,2025,04,01,04,서울,5,0.1,80,
1750,2025040105,2025,04,01,05,서울,4.7,1.3,84,
1751,2025040106,2025,04,01,06,서울,4.3,1.6,83,
1752,2025040107,2025,04,01,07,서울,3.9,2.1,84,
1753,2025040108,2025,04,01,08,서울,5.3,1.8,79,
1754,2025040109,2025,04,01,09,서울,7.7,1.9,72,
1755,2025040110,2025,04,01,10,서울,10.3,2,64,
1756,2025040111,2025,04,01,11,서울,12,1.8,52,
1757,2025040112,2025,04,01,12,서울,13.9,1.4,43,
1758,2025040113,2025,04,01,13,서울,15.5,2.2,36,
1759,2025040114,2025,04,01,14,서울,16.8,2.6,30,
1760,2025040115,2025,04,01,15,서울,16.8,3.5,28,
1761,2025040116,2025,04,01,16,서울,16.8,2.9,27,
1762,2025040117,2025,04,01,17,서울,15.7,3.6,26,
1763,2025040118,2025,04,01,18,서울,14.5,3.2,26,
1764,2025040119,2025,04,01,19,서울,12.5,2.8,35,
1765,2025040120,2025,04,01,20,서울,11,1.1,38,
1766,2025040121,2025,04,01,21,서울,10,1.4,42,
1767,2025040122,2025,04,01,22,서울,9,0.4,46,
1768,2025040123,2025,04,01,23,서울,8.7,1.2,47,
